$GSM_CPUS,$GSM_NODES,$L1_dn,$L1_dp,$L1_r0n,$L1_r0p,$L1_v0n,$L1_v0p,$L1_vson,$L1_vsop,$Vc00,$Vc01,$Vc10,$Vt10
8,4,0.6088630389235875,0.6466903409561421,2.1520981207603422,2.064477993119674,39.192032915994616,42.1522836251453,10.841406717171294,11.164759485817292,-9.088475747370516,-10.592378458779965,-8.354260710872339,-22.296975704089295
8,4,0.6626219641629061,0.638293982111037,2.192814685121852,2.0208256087055676,39.61023467023396,41.96023564917407,10.963257971850386,10.76353713548709,-8.786491880197426,-9.990900464867508,-8.236520519702388,-22.552728173649804
8,4,0.6381477036091141,0.6407260185136834,2.1815982057639123,2.0680364121206023,39.55690433650902,42.25681395696544,11.170252397107777,10.505260656012252,-8.856423091401192,-11.124809463982126,-8.231676842110097,-21.776638554932212
8,4,0.598671606482271,0.6419810620614321,2.162308286650728,2.0520532475195217,39.55521754587128,41.924273047236404,10.829157187021693,10.622283046116378,-8.788786919518367,-10.027711047226282,-8.31963935478635,-21.196370206468337
8,4,0.6821170971014214,0.6352306538131214,2.126846928673189,2.0459598045237515,39.43293258401802,42.63862251727573,10.74589717110987,11.396922707988294,-8.630226111357599,-10.850588747443618,-8.264578774394627,-22.87530124298114
8,4,0.621276397257129,0.6080608642304339,2.1242250077406357,2.109761190761186,39.13162729967155,41.98831397719672,10.537663512676188,11.86711041324516,-8.81821877958162,-10.077335285041764,-8.466605152276292,-20.660392404634745
8,4,0.6510519548806005,0.6359780728037461,2.1889893699771505,2.0730148092840155,39.46270165530356,42.07440515108233,10.587479979967034,10.767793706659461,-8.892251508465401,-8.805605356693036,-8.219906714416592,-23.383809752996612
8,4,0.6408087430121805,0.676345552044303,2.150439267022728,2.0609828733681446,39.31961184903236,42.164007992502206,11.152409510601348,10.570998271025028,-8.843863258519098,-9.03960931230125,-8.314789663259385,-22.77361814767799
8,4,0.6551610808679202,0.6408065321520424,2.157222011406253,2.0098594563893153,39.684484544464894,41.86025000240836,10.30215234146219,12.36603296130637,-8.965874774214255,-7.616442432773538,-8.3966289879744,-22.805253420834795
8,4,0.6094708515573024,0.6451104561587172,2.1522202423491317,1.9940697638562288,39.63406497011952,41.879390874698124,10.260295006905068,10.850632976609385,-8.9343241746328,-9.675770540619094,-8.3023111192648,-22.026689415546354
8,4,0.6350036949841965,0.6232251019882857,2.067777886220321,2.074750068167586,39.1439979566754,41.73722771101102,10.744139466441872,11.296528369724342,-8.905305969823635,-10.02491612474659,-8.248244543894625,-22.100428996899662
8,4,0.636240245039705,0.6415275661075202,2.1935784993089382,2.049997172126336,39.824245540295706,42.167173444227366,10.744045314059434,11.292287660724773,-8.896871526988763,-9.86259226965088,-8.211129480002885,-22.741778292652604
8,4,0.6251464798592267,0.624993968711844,2.162579215281896,2.0958792233667496,39.835911543188175,42.186749895629255,10.795983244447836,11.649065376523712,-8.903609711995385,-8.445615579265183,-8.26447754482646,-23.958797266866092
8,4,0.6584442186611456,0.6365353801331775,2.150405366348351,2.0911942063351137,39.40805848806922,42.13470324231196,10.595430504189157,10.281435900336216,-9.084920022565584,-8.862337006236025,-8.287592315983051,-24.870409171781862
8,4,0.6699905041374022,0.6562283348423478,2.1496668683465687,2.0650621715250614,39.786994962342085,42.61055079243129,10.948425467604718,10.892078166492091,-8.823922362107595,-9.276164395433495,-8.261948802467026,-22.351142323514278
8,4,0.630375943471183,0.6340040892333932,2.148513627940025,2.062341309914133,39.318729606054895,42.67632221059079,10.361697055590653,11.057290566553462,-8.864770486047714,-9.623719860715985,-8.363459870434935,-24.386222373954816
8,4,0.6450407333271156,0.6599983826059147,2.1561322326399277,2.010000679289075,39.4698770456668,41.130569994105066,10.609157619076957,10.86311397269627,-8.88323312199981,-10.200650081800195,-8.387488850462333,-22.775210741029976
8,4,0.6487354095749257,0.6629864477685753,2.1887241259247787,2.001205341975254,39.778056603611574,42.379934397823405,10.669927291266491,11.347841203735673,-8.877779894914951,-9.501972932936805,-8.323406319052745,-22.181159058298544
8,4,0.6272609623505339,0.6435458591623274,2.1258187320430264,1.9882169201141884,39.72430771231705,42.072887887571945,10.747347321103334,11.274496455321671,-8.912586125397157,-8.338605571570575,-8.414429128990891,-21.6855609778783
8,4,0.646865551704279,0.6385546069617015,2.1339432558094247,2.005966962525941,39.1250161479409,42.27302046040513,10.967798227373587,10.052976916928937,-8.920521733045641,-9.65242370737818,-8.285877112704602,-24.109109019332728
8,4,0.6120496178207998,0.5992136254202689,2.1431372981074848,2.1144907348794333,39.112510832951806,42.53814087330005,10.919994572328958,12.173193481346155,-8.853648772482446,-7.974405167022137,-8.331491357337567,-22.40442065321244
8,4,0.6426194776108233,0.6562309541227562,2.1259076700361605,2.1037510469772065,39.410028312307965,42.16529497017248,10.955393159415804,10.91061067374007,-8.822255742334661,-8.918020481006671,-8.340252098403164,-21.47245755382581
8,4,0.6107704639588313,0.6156318754335282,2.164223379237864,2.0834202780392124,39.46054767289568,42.060563755913876,10.448695251568923,10.09166944906434,-8.8988996332498,-9.385209135892197,-8.254280605919522,-21.78265560010743
8,4,0.6414783654758152,0.625728710983553,2.1701145380810503,2.030218259671013,39.36324192439998,42.09246380751036,10.578183676629235,10.868255727776656,-8.837056723359263,-7.730357161497578,-8.320294176010751,-21.730381601643085
8,4,0.6226046843327055,0.5958672880461494,2.1059406912750487,2.047199107416879,39.60474797439599,41.365629218000244,10.824312904130728,10.049145944354182,-8.991788493957223,-9.41450910105992,-8.382073288302385,-20.763385514256264
8,4,0.6295734939283862,0.6679160317640187,2.1640187368194685,2.0642823118016254,39.46892457040543,42.52120487800786,10.913608684691095,10.455875505578547,-8.973714057433547,-8.376544313351525,-8.315034331852917,-23.40659019332939
8,4,0.6049920235925687,0.6956679888993899,2.1810845757370454,2.1089401657150595,39.49342762570374,41.90231734919057,11.002389008654356,10.582895772230705,-8.745449148586713,-11.7839499638697,-8.390217168873383,-22.588468032761178
8,4,0.6342465835369923,0.6301541318215699,2.193873406412322,2.0135717755148894,39.54187114058131,42.09377230206187,10.63749806442401,10.515712346432492,-8.923637848256865,-9.857952335487418,-8.314976069069528,-22.815208012972267
8,4,0.6306370523710549,0.6130008973355016,2.251999343336047,2.0332004424772396,39.55755442180333,41.968960595282105,10.712058626815665,11.483841954589229,-8.987531322399077,-8.740278008633526,-8.310708896525496,-22.815641827924594
8,4,0.6110476830953355,0.6477171645681807,2.1282580903029484,2.0845045641532294,39.43055253237984,41.93973391889415,10.769808661202692,10.764199689619124,-8.88682151072466,-10.144283492855557,-8.288980578475188,-23.148883044808656
8,4,0.6341066662264568,0.6204665586118341,2.157720428923094,2.0929038519732734,39.64799643437054,41.89236091992265,10.481442760989406,10.941452207212707,-8.787421573738001,-8.201056648129365,-8.318084773881958,-22.504927771435238
8,4,0.6258794588477098,0.6275253841558588,2.1577166892496495,2.0509498357291114,39.48534064153361,42.36738373537924,10.436975702328622,11.019290984108634,-8.865038193623176,-8.621837776173404,-8.38910060086559,-22.182395462992016
8,4,0.6303474189317338,0.6004963044600593,2.1540202068117082,2.104543060035823,39.8063007365496,42.59070238465875,10.591561903268584,11.045476737872493,-8.955829930592946,-9.81055001059119,-8.337919886086594,-24.114128062821546
8,4,0.6223805198366102,0.6512097166290849,2.164368772361995,2.0440978846445033,39.5723370321651,42.46499258561659,10.91878466367317,11.576562919889398,-8.907238644543844,-8.482975875102747,-8.268735244637922,-23.016424665164198
8,4,0.6278104668653026,0.6618381639493746,2.168584326558606,2.0799712556760834,39.74906427055004,42.27258548654717,10.244706491572225,10.672204147596908,-8.798460759430224,-9.101083797596978,-8.147276754958451,-21.69634763344175
8,4,0.6462631571887792,0.6243931729381036,2.0919452174479125,2.0945887576648876,39.75851749581363,41.78728181528632,10.625395779034932,10.209346013782211,-8.861893765490478,-7.654528361531887,-8.327981145639303,-24.449332521242063
8,4,0.6391234849675173,0.6467519198915261,2.175679111883837,2.090605119356849,39.527667615929374,42.13407258456924,10.533820345272837,11.339246470271066,-8.804896258077429,-8.522335118507446,-8.442811349151047,-21.75390143177391
8,4,0.5941436000135736,0.6557197625404885,2.1735396916844247,2.0742009345939936,39.329597756628466,42.16041260550204,10.963987340918809,10.878514818278761,-8.951434200582776,-9.102961269980108,-8.339062854202341,-21.78773046683183
8,4,0.6429551611176587,0.6177897479792487,2.124307615010723,2.1329999849011454,39.76582887636787,42.111207830587425,10.562670903121518,11.47514038124729,-8.930577725642397,-5.893849162693296,-8.509516310834622,-21.833216325298636
8,4,0.6538128688185552,0.6113620736333295,2.1208117561017708,2.072760901818256,39.374738694531125,42.311087551058655,10.86081013448037,11.220513080820705,-8.922857693110236,-10.04958914771071,-8.244316390197426,-20.27325200097071
8,4,0.6332476678621882,0.6307395290541689,2.2126242847809166,2.0579668671019005,39.86303519664426,42.18780102924555,10.45677880852229,10.84227044965775,-8.932183393372565,-8.991296605683713,-8.363851682636257,-22.210857349683423
8,4,0.6639805126048666,0.6211806786227767,2.133002664369878,2.0838390506918554,39.296851906476284,41.883190824435104,11.559653249399672,11.097935226871341,-8.898845367940226,-8.464235455645923,-8.444315705027792,-21.146404882494462
8,4,0.6422675712325927,0.6356635785542193,2.114185474664249,1.9950038095333156,39.846917945136326,42.27038519406247,10.6361621737985,10.696463156474643,-8.799531073776807,-10.386420323575248,-8.290333652408009,-22.091150891069475
8,4,0.6269100623409536,0.6212399938306464,2.1530285708152914,2.0642694080117105,39.76504219879715,41.7076117868826,10.623348318575145,10.845842024952908,-9.0083063503323,-10.35819630278791,-8.403823947878047,-22.719492189957798
8,4,0.6252074155885333,0.646739081796656,2.1284560591976294,2.0702442754937205,39.58462901823666,42.53622705470385,10.685209458844575,11.31225460978062,-8.908429846117617,-10.788401601271783,-8.276002368722198,-22.31415722326161
8,4,0.6035474534722228,0.6317308385549528,2.1797284435874715,2.0232651389644905,39.45300195834138,42.50454221549299,10.869134358289898,10.989062570646475,-8.918448533912041,-9.33707193124653,-8.246756457604867,-22.69280701250458
8,4,0.639560924172332,0.6207459382509553,2.1923609923809586,2.1068334290802335,39.35195865074257,42.57656710330612,10.542424545310457,10.86753701577145,-8.814780678450326,-8.379941969316162,-8.342703075569771,-21.667415199278416
8,4,0.6320796168925225,0.659135774029989,2.145817131759282,2.1114330845664795,39.54225685676087,42.109369631245926,10.646167660373179,10.151495800255333,-8.899454537443503,-9.163067870343033,-8.241368676747976,-23.519407240314973
8,4,0.6474818263299703,0.6901937956570421,2.1647027515057595,2.058715009621676,39.320199733081374,42.19572410431157,10.506583106694926,11.252547388010543,-8.846489276492955,-10.271790892617569,-8.30227213298259,-21.224851763776613
8,4,0.6319800769310042,0.6259112406403524,2.252227255314113,2.137552409967148,39.689201196786684,42.46645642103547,10.890545845174387,10.58592021962828,-8.965636235078062,-11.37284299248175,-8.348919399694694,-22.57754571756948
8,4,0.6061286841808224,0.672851521720462,2.1730424192858595,1.9993352946083498,39.01354410719392,42.76512001130671,10.288640760862704,11.279502706110286,-8.950503823347116,-9.354554838849563,-8.313473166272287,-23.344194818633902
8,4,0.6308251188849839,0.617517905034309,2.1490486790451726,2.056283827204138,39.30906462053415,41.96607958632507,10.747638057410256,11.265573419871226,-8.813616180006838,-11.352742128003534,-8.295072358825426,-23.405717245910548
8,4,0.6173644988293758,0.6386725396950692,2.072464907080609,1.9739665754799125,39.35037670394182,41.87938349289867,10.486965655549314,10.843082545168343,-9.048802785887498,-9.068033592949481,-8.302079552902228,-20.299536067886695
8,4,0.5933898556850615,0.6287155623351546,2.18570459010965,2.0098542262187253,39.735124970587435,42.33763734207007,10.786647642949578,10.327987007341864,-8.795968838619867,-9.693062371699353,-8.32667886652194,-21.600839668943728
8,4,0.6522430477202849,0.6069687707549349,2.119444883777554,2.0264293402121587,39.724051610294765,41.723071810899285,10.812589591808281,10.728225424893324,-8.885235201443955,-10.881188147457994,-8.249292452614437,-21.37057480062414
8,4,0.637994077334505,0.6307909934504403,2.162419094791726,2.075596206944697,39.68048374291957,42.59662400060507,10.850811773734309,10.719097043961224,-9.005660944299898,-10.20765678623135,-8.401574500035998,-22.37867348543575
8,4,0.6478072467339604,0.6423051287123549,2.2283215099309603,2.0604261185232824,39.55849381988276,41.67187885580434,10.69151837016566,11.609007637843952,-9.022296730470933,-9.057225391012086,-8.325196388405109,-22.459402809516497
8,4,0.6321032462413008,0.6516251931230858,2.1257460004368447,2.0495161565189584,39.59706997003817,41.86192486627881,10.666355500593566,12.136853851218195,-8.981067627069478,-8.712580770132249,-8.30715536873,-21.910276668294284
8,4,0.6138777420334597,0.6477087855482165,2.1240661979594933,2.0683647719433305,39.545447786761905,41.647411708982375,10.46458420044226,11.346064855857469,-8.861693889368016,-7.762484496859276,-8.380909446429957,-23.50683913651657
8,4,0.6056020167226009,0.6242206365003029,2.2054060222730785,2.054179518095916,39.642880674726,41.17478913435558,10.545904705392902,11.862169710325134,-8.820823405026596,-7.854926280766137,-8.104897076586418,-22.91541158777469
8,4,0.6497585843919563,0.6328519685016937,2.085900571013404,2.0605666765614363,39.44869324140082,41.71817176102556,10.364733052491937,10.475425483603924,-8.873746279041624,-10.054072293013022,-8.360429183737372,-22.647080019844946
8,4,0.6606787858013929,0.6546900247126975,2.1405161974178593,2.0106368358130204,39.53053279009801,41.55744973130177,10.933707822441027,10.770216929925574,-8.922431279216326,-10.775959140655605,-8.401712828762324,-21.892731014310304
8,4,0.6393061239930022,0.6391047621609637,2.158650912603127,2.037557893752183,39.701564158338115,42.500681766435584,10.628386409457297,10.721408105803388,-8.921487700914591,-9.808256017738934,-8.202986373319343,-22.760070310536648
8,4,0.6126407384764945,0.6197664367402821,2.1373351725327225,2.029075141051072,39.165620577393625,42.16699743017164,10.738664059902733,12.062849512325778,-8.80489437308741,-10.142587207919473,-8.173897803672453,-21.883077339537675
8,4,0.6451340474117845,0.6398915143573661,2.1264338783934917,2.105215676106707,39.632243086657525,41.870110082033364,10.917875597903421,10.278952377806998,-8.973849181070552,-9.37846358795405,-8.302223290337528,-22.68293810362277
8,4,0.6293726227646219,0.6416557185435962,2.161789069221444,2.15702247936789,39.437835404490414,42.665710177783474,10.792152477450074,11.304570947512948,-8.812612205000958,-10.471027211800713,-8.394963749424607,-22.713644930953116
8,4,0.6569439999796831,0.6448778796346968,2.1295581102017107,2.041153495628425,39.53327817814226,42.34762038573991,10.427609307218148,11.197415993832086,-8.80848315902197,-9.354088442098893,-8.328360440089822,-22.818003352331242
8,4,0.6368353185196146,0.6344647334665817,2.0953226022982503,2.0986285868470396,39.49948615672227,42.0759315165578,10.712299499560059,11.489232708294171,-8.823522953497646,-9.414141844937904,-8.343597561336512,-21.970319219486047
8,4,0.6405104587843929,0.6295224318042797,2.130697870216117,2.0481989201160657,39.474954813925436,42.02477457653159,10.598188780845794,11.264860033156415,-8.893844702273102,-9.731287181757573,-8.258097168367199,-23.987657668187797
8,4,0.6686847781806887,0.6139270328883885,2.108706962813797,2.011795162111631,39.42083838335399,42.098097383866865,10.620004330691984,10.765560010191635,-8.77866344967328,-9.795022409149468,-8.203452699174951,-21.238716748516648
8,4,0.6570356416747031,0.6101885789788858,2.2107920722851944,2.128085279856461,39.22217077287213,41.80947429992447,11.095904263792272,10.407586557880984,-8.712370171546628,-8.642566027086799,-8.173583765819245,-23.329309640258256
8,4,0.6431443296377274,0.6303409880064953,2.2012262430424414,2.101389415496506,39.6170595784207,41.73421505236958,10.55659047916502,11.057989019353219,-9.028143422498538,-9.181559758037277,-8.31151813500624,-23.81084841473067
8,4,0.6194192365625992,0.6357618181673578,2.170053069611329,2.121747266516887,39.583809066397826,41.73600806502288,10.791527148740691,11.798210239176504,-8.695984910474749,-10.567573002098646,-8.350974528364299,-21.459717567382356
8,4,0.6310342765238709,0.6335002260831147,2.107328738210373,2.0234699346774105,39.55816918478414,42.27650367918402,10.273503342052486,11.17299343752322,-8.850883880392688,-8.976009494140682,-8.239767445760146,-21.978436850088002
8,4,0.6363697298846471,0.6183344899636363,2.1883719499842527,2.078570158017565,39.742622712448146,42.041763138308106,10.930764547744753,10.784988493695332,-8.903863375604297,-9.026943614593849,-8.212021167517898,-23.845547308842384
8,4,0.62591597588815,0.6193347449127996,2.0830207454022074,2.0879559250697732,39.52041213703588,41.96201631987914,10.727616602440035,10.998278641049389,-8.889541287265034,-9.971940003547818,-8.447927772297419,-22.74099267722348
8,4,0.6372364762199489,0.6040731675625686,2.121054258923249,2.1239125398577845,39.31365270671547,42.47418108455756,10.900815924313497,11.526838630819253,-8.803036229932735,-10.12643293808129,-8.191679810726173,-23.179940971791005
8,4,0.6051603243900303,0.6270449961822191,2.176483259857225,2.0710703690523213,39.94227157497972,41.78762109794515,10.7775240122102,11.054570416919875,-8.965065332902276,-9.517570292472467,-8.41092058495203,-23.202214965942343
8,4,0.6368168641642974,0.6703273121741946,2.117406750008121,2.026331406836738,39.49926226829062,42.01429355097414,10.670690719172665,11.708248809113545,-9.053074165894616,-10.25761663675258,-8.23337111078921,-21.73148534011055
8,4,0.6407897810714676,0.6583449934796461,2.179826685339446,2.0766505347099615,39.31298060931063,42.37671397048235,10.790415515633182,10.229213249914547,-8.962807105723583,-10.027941264896352,-8.465488054560918,-23.683344705184354
8,4,0.6444938105747726,0.6317491288053146,2.2089357047219695,2.0544715336153607,39.48137864543129,41.486742273188064,10.948496719233713,10.872218115037192,-9.037183165893804,-10.383753765598128,-8.236226476036526,-20.946092226675294
8,4,0.6115890237599478,0.6380744862204348,2.1946685344513766,2.0469791082746838,39.39495961285886,42.03318916775283,10.448110893193617,11.788704499803128,-8.591092252848357,-9.544729707087885,-8.291527866837075,-21.235835400833274
8,4,0.6203970680617003,0.643404178239946,2.1326405016366836,1.990019307993958,39.70303571092456,41.86961937452248,10.53790459529005,11.611943724531011,-8.734610248887131,-6.760880366125874,-8.325861329216474,-21.69588713092557
8,4,0.623399278862744,0.6477686774479129,2.1593867003348435,2.0701511422161922,39.10770718841772,42.266728360551475,10.965903902082058,11.316416715736473,-8.896517423097958,-6.367051305359943,-8.25173266845749,-22.670555163946556
8,4,0.6343210065276715,0.6494249519621396,2.1382522830575508,2.063494697694169,39.26333094752695,41.737768823995374,10.380838213324571,11.89786777337447,-8.982464191905267,-10.092944354331982,-8.295027929561426,-22.676953691120737
8,4,0.6007906761295375,0.6167801002077526,2.1096386821271205,2.036188861096131,39.79153851586111,41.93406930149296,10.287084648769588,11.049193251339801,-8.999099739812745,-9.335379641816882,-8.395687981795456,-22.761413354548925
8,4,0.6373599283334842,0.6574043851399293,2.1828557735368888,2.0605116661303224,39.41869888268836,42.15277479694132,10.568737253688703,11.23340356154769,-9.121313052180367,-9.465777316144413,-8.358535741562099,-21.893347412249383
8,4,0.6575228523090175,0.6705677858932061,2.1478997920607013,2.078996351962569,39.525703545772025,41.54797487989221,10.82404126656657,10.440418834699994,-8.824486029992162,-9.908714376332334,-8.368670579604062,-21.788548972591112
8,4,0.6565224612574425,0.6484754626366267,2.1850840814371977,2.0502415038886483,39.39559062994629,41.87367192096773,10.213373933646771,11.455635826091196,-8.916108269589378,-9.433975014915525,-8.223859811361388,-21.789415544147623
8,4,0.608794674272504,0.622572044568415,2.1316802316387022,2.0307074950787998,39.642434388962805,41.88083894784603,11.133546426199615,10.110940646834287,-8.875707784428034,-10.147549974969472,-8.383739792884963,-21.744456851060438
8,4,0.6309041675376449,0.6371852878630797,2.165496565788932,2.0121036200963247,39.5502418407712,41.812108382265386,10.755172758801361,11.223576015759264,-8.962378178279659,-9.388374727862143,-8.296005702079258,-23.25392289328829
8,4,0.6460941837626727,0.6347505359062988,2.184788319638724,2.049458869352344,39.47789023339727,42.66760874790733,10.247513085452296,11.57192459093396,-9.034327187765477,-11.615773669735107,-8.27864836726013,-22.287034605899407
8,4,0.6148268060243502,0.6492362195945809,2.1430530345869507,2.1055122516871343,39.297073648154765,42.16781922222747,10.248522994651232,10.649759421844974,-8.861734261906419,-9.999867342603553,-8.384601704679794,-21.13231871725842
8,4,0.6439255586936337,0.630950395051334,2.0709456964707527,2.0533817715765035,39.82503449421746,42.277276542296526,10.996512237538433,11.377749031244122,-8.938946527263132,-10.525125589717296,-8.287584767081423,-21.938401597189216
8,4,0.6445968857892509,0.653626193210544,2.108798808469256,2.0837228490830113,39.67688985438043,43.109956614799565,10.846484679885053,11.111872753349639,-9.109811551836213,-9.233592015664906,-8.194730229402932,-23.255746230521584
8,4,0.591474243538974,0.6190759456788401,2.124626550415015,2.0747272122496154,39.62241861645591,42.429713681014476,10.781676290298968,11.66497064821344,-8.949429697320905,-9.93514233153658,-8.49851635831268,-20.995830004935133
8,4,0.5959189788605292,0.6435621120326175,2.1641030746364645,1.9857778951166971,39.73867363199384,41.982104944901266,10.694033638396803,9.925556771002814,-8.967155081045101,-8.850826340931237,-8.240022846317743,-23.67818419497134
8,4,0.6371358225298024,0.6749665128146909,2.181452426716965,2.0308292968243205,39.73029491914671,41.984075083818446,10.414485433157362,11.95824207519745,-8.759587413001132,-11.49304241550883,-8.284093236590982,-24.016190916559943
8,4,0.6431760535411851,0.6528184018417088,2.1500248765497822,2.0215974483046306,39.90838252094229,42.12856433314533,10.806015122176715,10.870330829520231,-8.969118963148805,-8.89968740557564,-8.220732587068985,-23.379955541761504
8,4,0.6449389304812113,0.6612549899556939,2.153553636394426,2.0341020994875136,39.63160100554264,41.93492562379323,10.28549210663604,9.844264583815416,-8.93450913372043,-9.795979983179755,-8.267631313149499,-24.53514017033445
8,4,0.6079109166906338,0.6463208149455498,2.1124590050187892,2.0265850835714905,39.480251751308494,42.3110233884059,10.596752143094992,9.95387846465448,-8.850022878319239,-9.755583355251334,-8.242027369185182,-22.72618838021054
8,4,0.6285434856510255,0.6259495199182182,2.1103710827584874,2.075966166054177,39.75578362679522,41.91690824907624,10.589554164966412,11.359960868264716,-8.945521792134556,-7.514516502002324,-8.24883958745584,-21.96335305464465
8,4,0.6379890172742032,0.6260625732956842,2.1594547004494995,2.0445742782093945,39.44056721963437,41.52635504959238,10.63748669457941,10.974483711545492,-8.977305893209767,-9.282339051652835,-8.288572114641196,-23.769606760489108
8,4,0.6351795879200349,0.6429687211016265,2.0884119674639856,1.9913951390450153,39.283551743272824,42.14919466552278,10.630884638932336,10.298880784111297,-8.93013734546371,-9.9898464967571,-8.425639474708008,-22.32758152167645
8,4,0.6269439437390097,0.6424629011592509,2.22886773484655,2.0976066331057517,39.64746616568817,43.05750453801142,10.863177802852665,11.045936824738565,-8.959757134092644,-9.92914570996372,-8.362963630637495,-23.046170455926752
8,4,0.6060827101288606,0.6537451345310784,2.2005908817276287,2.0538532134215144,39.09804827169925,41.70009813158468,10.598091722228625,10.663697682369007,-8.889783011245749,-9.746764308985625,-8.276448582703786,-21.812198534229072
8,4,0.6585249740591117,0.6616396275422466,2.165588357514205,1.998315320856452,39.52511378244056,41.63754547184702,10.587005526610945,11.636609553443412,-8.934315789274832,-9.40536916225379,-8.377535347648879,-21.944775248724966
8,4,0.6677179583742789,0.6468644725019741,2.0783002060543048,2.1217665805069448,39.36219489814568,42.54532073519312,10.665759741917219,11.57628360780967,-8.869393116934454,-10.217214774927951,-8.41834276545832,-22.507392092064084
8,4,0.6517276013604137,0.6391831597550927,2.1532651619417047,2.0427571032183516,39.38481253147616,42.08738243810185,10.331763606120358,10.876990653331994,-8.810043091782562,-10.470909729977297,-8.30559522208288,-23.672440988173722
8,4,0.5991201709507556,0.699491972922194,2.2224641961692777,2.06163958152393,39.64201385514306,42.20314152541022,10.580671840389796,11.899709381424794,-8.834211559803904,-8.96491969079931,-8.281968687369464,-20.11649069349917
8,4,0.6215314235039994,0.6614611221158194,2.0960087942847494,2.034506583408753,39.56098555690834,42.076788239682536,10.738700047471635,10.33169072206532,-8.92234481699098,-10.264729406461196,-8.374557635893618,-22.126734421894593
8,4,0.6416766352101886,0.6393811632711146,2.1309973072297645,2.0702954049896634,39.35223075797327,42.173480926515516,10.795407558166959,10.873089348946305,-8.802901422038671,-7.96559059769214,-8.347481867537264,-23.087267173051472
8,4,0.5996431301661793,0.6215019809512675,2.1415789382126356,2.011705510484015,39.28324841972263,41.946038926254346,11.018227811851428,10.767971765894078,-9.050582055746476,-11.003722570656858,-8.254064995526745,-21.224903268766347
8,4,0.6462502407459149,0.6516222250969973,2.150501194941723,2.073330447851543,39.557957110395925,41.97994593181995,10.234605050768145,10.681722171248715,-8.967436515178619,-8.101516283969223,-8.26636203638984,-21.55930674118732
8,4,0.6376399988989853,0.6800821383380795,2.191085959109772,2.115838450782902,39.66877505961246,42.366356499615094,11.001973579259522,10.88529116748396,-8.810538102922804,-7.3801352515314065,-8.327100664907881,-21.745925836257626
8,4,0.6528776395195879,0.6584534916597313,2.1676846271777785,2.0383578381366356,39.71975016733783,41.53428799881765,10.439544826358105,10.89852501634176,-8.964802826713987,-9.69030959049902,-8.310616664926986,-20.529229046438626
8,4,0.6353808275003477,0.6348282839138886,2.170275665162794,2.0561422181686804,39.469094207572915,41.92178620247218,10.567983349233453,10.998648419306825,-8.743775500450392,-9.12443780317003,-8.351879212660302,-23.808800674798405
8,4,0.6244966351387659,0.6352534937451716,2.1074447198635147,2.064032902953866,39.6651836446268,41.93062804740324,10.688104089391981,11.193207281499234,-8.891547820572567,-8.748603318383498,-8.372211372251021,-22.286918657451317
8,4,0.6184672122355371,0.6708314273582536,2.101382985090779,2.0190356809470593,39.33865783915032,41.4119607219501,10.795351203235777,11.941229698050943,-8.831921616509874,-9.678109465095272,-8.295613216947245,-22.144861170921672
8,4,0.6198405598715647,0.6231841206460526,2.146426098397996,2.107971112669268,39.20371984497726,42.836851266380485,10.631153126632137,9.970808338226368,-8.94949636713327,-8.724342338565734,-8.340894258747369,-22.834328632837003
8,4,0.6784263016673523,0.6322237275963204,2.1037598278611016,2.043383794887198,39.344291371559486,42.247212156568565,9.905966551231359,11.564903623395857,-8.789784143438872,-8.696486832912635,-8.291678665028329,-23.03889575376828
8,4,0.6356347264502997,0.6425888686646631,2.1503232100861887,2.050416359344329,39.44880199949335,41.33549074209776,10.591520441991417,11.364436187561832,-8.870757186364743,-9.903960090186912,-8.25888810956803,-22.358844920602273
8,4,0.6231901005513053,0.6250892490798821,2.1828959855050774,2.055173359521794,39.3992611745535,42.599082579479045,10.567408949532465,11.170580701070358,-8.891051109184508,-9.210300404933019,-8.35939193175137,-22.537006467288013
8,4,0.6435723850214246,0.6275665072372578,2.196348893612267,2.038905833457466,39.36114662781431,42.82859077100522,11.044575829131889,11.655013039558074,-8.745387393496861,-9.74020042187085,-8.294110835632923,-20.843082150590803
8,4,0.6739352720985892,0.6455382566836594,2.1631711960028372,2.05608317265624,39.46594768232112,42.6403345347346,10.58145644377196,10.672264587934968,-8.962419992377278,-9.231836538385489,-8.428621491965902,-21.94114387037998
8,4,0.6202393901899114,0.6374878604738242,2.171555558268678,2.030064767298718,38.96163613022709,41.550784519993066,10.908009605579252,11.309924641714758,-8.851913315294457,-8.649822897454536,-8.301359276231203,-21.28513708618447
8,4,0.6479082534821201,0.6252823801581332,2.204798454319303,2.0372912151136013,39.815317378491756,41.468677059375956,10.631021547796458,10.658079371526265,-8.851678075224589,-9.107827267829533,-8.35055779846695,-22.33900675307907
8,4,0.6428416512999885,0.6375611179959662,2.1465610460892206,2.096932217853161,39.52913518526678,42.32463494607414,10.564928103531368,9.59366478370163,-8.744100192571148,-11.403757540703648,-8.30286436713973,-24.133128793723003
8,4,0.620314866657977,0.6379898845812757,2.122189463619234,2.081124821286219,39.697469918767446,42.347811221799226,10.644003201209676,10.967956541848725,-8.844925009576718,-9.025780453446556,-8.276699422014051,-22.046568903745815
8,4,0.6160002857993075,0.6177750648708878,2.174723049562677,2.106859077753004,39.60046298397446,41.18522467490916,10.573795110740802,10.770620481774545,-8.907888216199327,-9.231280981294432,-8.336077667894104,-20.82208032051741
8,4,0.6303272668900751,0.6488617502214287,2.1503180567194904,2.0234643587752728,39.33186940135395,42.19577203022797,10.584432237804355,11.063211545654491,-8.96196589699496,-8.922620385556922,-8.312491601760467,-20.84624038704773
8,4,0.6718259094445703,0.621296479194021,2.074180962131911,2.0669540311173042,39.7320752796397,42.019365270918115,10.80690513448435,12.001613897970396,-8.916768378190032,-9.953438559928811,-8.336776172953936,-23.097265667145287
8,4,0.6387564800434395,0.648731577197627,2.20161902257395,2.076080752668953,39.47767131126999,41.6729913034116,10.790041449136423,11.14534227946939,-9.016906910433438,-8.828087888746913,-8.332753938371802,-22.221266118561164
8,4,0.6179724105075732,0.642940816306182,2.138281943891683,2.044284439961916,39.2828538996635,41.841846479607526,10.694232611983447,10.809335318819722,-8.762605877994156,-9.760032300921948,-8.28849651036892,-22.559879931027904
8,4,0.6292689570378173,0.6518348505956476,2.2060723286743573,2.0840350490067103,39.36347240123318,41.81603205581394,10.374642363841167,10.840073647419395,-8.884139051615746,-9.965894395565293,-8.387590474852129,-21.24575191803003
8,4,0.6186698011862307,0.6264133828781481,2.1389310622897124,2.0823472777867233,39.79651900102118,41.696753052144516,10.407962382297422,11.129620261672448,-8.903491265842398,-10.371341650337659,-8.247004001395005,-20.313894638113673
8,4,0.6061980116067069,0.6482951344319194,2.2080058560615186,2.1235123465251897,39.87777139478505,42.42465842572533,10.454004496872884,11.94817319003082,-8.846441852657714,-6.654406563921256,-8.263994758817947,-23.833484516408795
8,4,0.6667336839212674,0.657738560685399,2.1498587117303756,2.064416711898103,39.47617054928781,42.413807227271946,10.795700355296248,11.183676000560046,-8.84170449502098,-12.40608569147997,-8.383248566160596,-24.831645910104264
8,4,0.6258509293265657,0.6553542752675727,2.2071886996193384,2.10741469729661,39.22671267459984,41.58550945288022,10.544106715911346,10.713192591299464,-8.835456957563421,-8.6523463147819,-8.123517010811783,-22.129431311491018
8,4,0.6299651536560127,0.6305864151039012,2.088428777731831,2.1025058920290483,39.410678517965295,42.65280834660822,10.95112445088196,10.02872452577696,-8.858632158503509,-7.11679147161631,-8.31763231424441,-21.835532746274794
8,4,0.6250036077058405,0.658001976971232,2.1441211788462864,2.017572384509875,39.509676188092975,41.6257068607425,10.496251613412321,11.582935928264448,-8.964077852972054,-8.091922175078178,-8.280950347362582,-20.951858051833046
8,4,0.6384441948930683,0.663911849506913,2.198323444472233,2.0826096812599144,39.631099507665255,41.95723259017543,10.595068032725331,11.313271057018023,-9.030391798463816,-10.799175381717543,-8.21412915926443,-22.06091463082353
8,4,0.6494996753737348,0.657169162007956,2.137116261366259,2.066026232831777,39.64174102805284,42.043091937269516,10.944979761634665,11.167976706604271,-8.854044561730523,-10.57572010717153,-8.238903782087457,-21.088404077687876
8,4,0.6079819723595918,0.6226830014672237,2.133603676840978,2.04681123855575,39.589531544720494,42.34513224612999,10.604115942132616,10.973063724567913,-8.957923059979665,-12.46398477309989,-8.377089445873674,-22.558955130408748
8,4,0.6169393597765009,0.6717847444447905,2.157836515842347,2.020359357726538,39.52281145761085,42.66123192193513,10.765914037964293,11.067270923058448,-9.045270985666606,-8.971125184467024,-8.105885318669447,-22.176028925094503
8,4,0.6444118984545084,0.648120712612218,2.2202162069023776,2.04911613766904,39.79447333818294,42.36401122155216,10.9611460749791,10.603660817233568,-8.902164074095396,-6.84280280323479,-8.350986421475639,-22.87608100402738
8,4,0.6311028625718121,0.6664058631598145,2.1665500166199383,2.071772959838448,39.35726744785934,41.746634122678316,10.738876356507319,11.99423379028586,-8.764388114680406,-7.728046326793316,-8.185730776224565,-21.801643722914385
8,4,0.6008323550604208,0.6375778059657553,2.1104072972869528,2.0594521680083155,39.641001832726374,42.5874788041299,11.026869543178698,11.415663899671957,-8.938519212144346,-9.585374813816705,-8.383480588210645,-21.13569758149377
8,4,0.6032875041720531,0.6253436918737538,2.091894459943923,2.1006154659530525,39.26093601605227,41.909120615655155,10.690579418777762,11.372556284150972,-8.890434373934696,-7.551146262052736,-8.3513303413781,-22.69059794315497
8,4,0.62509157040943,0.6516071306737665,2.1362103541052844,2.056354524630545,39.999968296210575,42.20806607755052,10.805168384179526,10.557823705416107,-8.939533843297642,-9.933226181365118,-8.352477508543748,-23.071714997923205
8,4,0.6182853202689407,0.6518761776149898,2.1301241223773797,1.9896285760174155,39.16017786667795,42.449551688359165,10.85023817534473,10.655704478342514,-8.671861474222327,-10.557542296210906,-8.250917527683184,-21.303757522428924
8,4,0.6268992324693805,0.594008963390671,2.1061338024654197,2.0387536296014996,39.480322489681946,42.85044028886831,10.708735727766923,11.81641373224536,-8.903424664430188,-10.75517647741979,-8.405657419885271,-22.493332102154405
8,4,0.646683652482701,0.6164143635589394,2.1026864173541457,1.991141326949062,39.73453308565155,41.81336729171176,10.934088005505703,11.160372015993014,-8.852856923321841,-10.316995165994797,-8.278972365565538,-22.886516504409705
8,4,0.6087365078735317,0.6275973509489364,2.1868600792938833,2.0751183589367304,39.189897001282105,42.24476208316435,10.671080587382031,11.190439435910257,-8.997544658416691,-10.516916630610885,-8.23869911427549,-22.894407535919743
8,4,0.6195961168208916,0.6522863671520189,2.21446204833654,2.01580846291799,39.55636728876323,42.07038908963439,10.578448954162093,10.24050620514572,-8.921151492843599,-11.06778004646715,-8.238617203095332,-22.83679005391616
8,4,0.6334774753475685,0.6247544079546042,2.0830408822363067,2.0700318174903436,39.468895373298196,42.239605992700696,10.731422347381166,10.596895489333141,-9.020000742529282,-9.92362970026737,-8.340131492590695,-22.92069996893338
8,4,0.6516170288180986,0.636080328222851,2.157942769027963,2.0734712868431666,39.549776200882974,41.80627526769659,10.727803987054168,11.561353482931489,-8.943723221125367,-7.798379621693272,-8.372859465106098,-22.483184214735765
8,4,0.6651876213553707,0.6322313978875914,2.229044509570166,2.067317467553594,39.4210124419519,42.758023981933505,10.767366307953099,11.031166835222269,-8.905298706532118,-11.401309720603663,-8.257716409026893,-22.713049776811136
8,4,0.643319638636745,0.582350764163867,2.195709861008924,2.0651213670234916,39.54663086411846,42.01884822042939,10.420923956149212,11.192226493517582,-8.917904346771044,-7.75473493517917,-8.24369165064104,-23.300944210949563
8,4,0.6308691434056395,0.6054188826868405,2.0812289893106724,2.146574168474187,38.86992858212236,42.43481840041073,10.994525836737274,11.240612328681312,-9.074200288368262,-9.253209480183733,-8.238637967949966,-21.582935200757756
8,4,0.6424770085826277,0.6004777723674479,2.1523490290579983,2.075527684182904,39.27283627396639,41.60559535520701,10.902637069639324,11.263710838796417,-8.85348175668806,-10.757971184698702,-8.346806129262102,-23.190882239733227
8,4,0.6235827692057633,0.6368223889313153,2.055592619800745,2.006438369348727,39.66297573760538,41.40778867473533,10.460267030302871,11.493134395736032,-8.91923847457046,-8.082641539913222,-8.29205629219231,-22.591340657259025
8,4,0.6120822774909218,0.635314582395447,2.1153892269641803,2.0568347207931046,39.480302552678346,42.23933631979161,10.496204554493513,10.947231722181725,-8.801981553093052,-9.335499048311497,-8.360325210913023,-21.0495000057159
8,4,0.6084953035549445,0.641520832257904,2.171929553349278,2.0896068527228957,39.658546318527485,41.899164759000826,10.455628936152689,11.098505697599988,-8.730121583144582,-9.121760175352813,-8.360120957529437,-22.063088127012016
8,4,0.6276573198989657,0.6763475084081406,2.1561598617438005,2.0638008250134368,39.45312579439946,42.00103775797504,10.806751598568269,11.912984721244243,-8.935564196759918,-9.975453307257828,-8.259465499587085,-22.620551112325156
8,4,0.6563396590161535,0.654396335054414,2.1473855253181173,2.0966877922212244,39.572823423722916,42.43395355746082,10.843435891287369,10.359950251457077,-8.903142543913729,-11.551237252862538,-8.354556215227463,-23.210347216597484
8,4,0.6536094397932548,0.6239621980293335,2.204242067745949,2.0384174116714693,39.629798114464755,42.28150266364108,10.523635128745813,10.92408493752034,-8.906751555565945,-12.380657979230325,-8.18985979106264,-22.551887897704894
8,4,0.6493473025765872,0.6714967418684669,2.147671714384644,2.0425087609511534,39.31363040533875,42.268874255184045,10.798903644129965,11.391408398424915,-9.01646955013291,-8.926432991451708,-8.43536279876057,-22.308254428965974
8,4,0.628163465109478,0.6530100206513509,2.1279046791331786,1.9660289050341588,39.33518867756091,43.24073028789632,10.803109551948273,10.95885284490252,-8.728503024195758,-8.289849703361227,-8.208633492815895,-21.759500972984583
8,4,0.6138836201106326,0.62536175434418,2.0482596894030083,2.0048221188945923,39.46807142812332,42.538255532137356,11.127631893452296,10.655468263853317,-8.80678310416733,-10.319370929127412,-8.294959910462005,-23.045689722897414
8,4,0.5791372485739893,0.6462348040205613,2.081316310677437,2.088665238134397,39.2973282645779,41.7335393359243,10.71006227645741,11.734617793719762,-8.922896618898086,-8.700036480056545,-8.347176572964752,-23.948710495674934
8,4,0.6260804104644219,0.6381512606523692,2.1027767781990425,2.0942393117961613,39.412828000238164,41.57560563081288,10.748209019397173,12.16212662242112,-8.897080877692726,-10.377640886956948,-8.424839600180142,-23.22005340819846
8,4,0.6337069179973744,0.6580941482507822,2.1813493190648576,2.012709495738293,39.43664681400379,42.07246127157129,10.504183566757533,11.520342896271174,-8.759309219566417,-8.634935928940655,-8.323151930094143,-21.56715584441852
8,4,0.6066715373873617,0.6275576140721996,2.1740784467803227,2.0442385351397263,39.87699872484154,41.87923490851863,11.226954355826837,11.100528482077383,-8.71830821805267,-8.211375809242986,-8.26742064552236,-23.03868918315704
8,4,0.6543546650260297,0.6735953166111147,2.1463446722598767,2.0685353630787646,39.8176784811934,41.96992943686723,10.965060547728951,10.814187934918614,-8.941919744062627,-10.028923122036977,-8.139554163531352,-22.664885051356098
8,4,0.6429037569844774,0.6613596940976846,2.1465804224416067,2.055185566559977,39.47069092154428,42.0045992422698,11.042287499848353,11.43114972951579,-8.911882236993005,-8.882919754517692,-8.159674079163128,-22.523065979789752
8,4,0.6079009304164612,0.6324847008389921,2.1903395512685093,2.0039467281145646,39.63482174226601,43.13084246676373,10.531732691625615,11.336185270615664,-8.881023857672242,-9.48137036506198,-8.35163276381699,-22.23170945938355
8,4,0.6271987582062827,0.6445255503616514,2.0561752957418467,2.159547529713252,39.371273509736,42.163140610877015,10.642310017205432,10.785587803043587,-8.916092662153426,-8.503954444244544,-8.426779697711744,-21.692678260803405
8,4,0.6342714958908974,0.6628917535968839,2.0897106893631534,2.043495999995227,39.78373443763646,42.08890815885785,10.624790738888855,11.383927269387547,-9.064721963680103,-11.823989512937521,-8.279050609406832,-21.964115572370638
8,4,0.6338489155409248,0.5893430220944614,2.142522933943266,2.0263211197988156,39.78055480429055,42.62030115221088,11.10345909025232,11.148079141535442,-8.825305956270054,-10.838533433125466,-8.310047801296056,-21.27791267480058
8,4,0.6426912759565832,0.6320462054460058,2.116358056685657,2.0018641423755925,39.34887402459536,42.176674063016435,10.330630304403133,11.496316138203417,-8.901750388711115,-8.552989564145022,-8.252734340799218,-22.61669031165557
8,4,0.6246252935418716,0.6632305563447255,2.2631711006716375,2.092588485193592,39.404273244937585,41.8067649813034,10.562353256649521,10.951910835256937,-8.955445474270995,-9.037104991514832,-8.298243662483122,-23.03001364909716
8,4,0.6188778810258119,0.6498933598409665,2.1084347022999186,2.041132073466009,39.85123305942503,42.30280953432971,10.685762816540077,10.801095125572369,-8.855594009920088,-8.938378890397335,-8.286759290067003,-23.50797204111971
8,4,0.6092343148966949,0.639215758187087,2.1118165005055145,2.011225966138701,39.64859730326737,42.387365178060314,10.721642140516362,11.477877079033178,-8.78589320172992,-9.039006783593885,-8.417977915655525,-22.413484871106917
8,4,0.6310537729491442,0.6192845987860119,2.127832538930959,2.0878539395680105,39.26173448996564,42.36139412818097,10.665475383451572,10.166811323664906,-8.876679450346312,-9.231872946526163,-8.424705628927923,-22.846616681580763
8,4,0.6359673334123286,0.6357378797084018,2.1277912378950585,2.041331561400124,39.655854983825655,41.836241333940734,10.788670764678452,10.879915538040587,-8.857954661590098,-8.099897218880022,-8.247686880141044,-22.12597666440759
8,4,0.6379060901182928,0.6666541064753563,2.1402184438258387,2.0522138646743247,39.51907023609397,41.85158680887714,10.495405172737966,11.068981375500647,-8.941449590672947,-10.362787972365716,-8.107088435390061,-21.798741246072026
8,4,0.6509147894411863,0.6540541076318934,2.118035309807322,2.065139621251552,39.5755113596549,41.42073441036544,10.657935737480704,11.177528406567697,-8.899408396584406,-8.889934456157139,-8.304907841625214,-23.968636768989864
8,4,0.5936557922467972,0.5981969792020259,2.2027416853845185,2.078010539779619,39.51960039423467,42.12502170602244,10.86697341700728,10.678439673087558,-8.899668857222077,-8.978950499117342,-8.383130037448627,-21.099231560167908
8,4,0.6469327830094347,0.6501186533806401,2.114214467887022,2.122660365929339,39.41905272968043,42.24117194465574,10.846301789942268,11.734936375033588,-8.86496685805589,-10.794824518123525,-8.435637734981668,-23.457483818698673
8,4,0.6408565066816091,0.6239878481549729,2.185587897379472,2.033356256345023,39.4305825409668,42.92536505897701,10.623545421706835,11.072435210493378,-8.952659063072732,-9.221580713396987,-8.330500343283148,-24.6314340704789
8,4,0.627683370161099,0.6162859812009261,2.06193572773059,2.1319825960692214,39.33904487595586,41.86841888955785,10.74704654429733,11.690745391369477,-8.752845079121764,-9.922446524446332,-8.269999821229568,-22.476980132936582
8,4,0.6034466674702983,0.6547590495956361,2.1669444104904483,2.027280744748409,39.400220438369566,41.82741059236681,10.856257637358162,11.309699283400512,-8.897243447937797,-7.8890950924736645,-8.392432933809133,-23.94267988237207
8,4,0.6491502009426613,0.6426802073118582,2.074931243238801,2.114355053356089,39.833047953295406,41.88916362091289,10.55534720094079,11.044779737921493,-8.884080269743448,-9.128645713799045,-8.33322782062938,-21.795906433127787
8,4,0.6566689126587151,0.6189386953639516,2.148085252034023,2.0888697177485365,39.58863871604224,42.21717976907757,10.409563139003449,10.894652192695668,-8.721481528376126,-10.00908065605944,-8.280314100252644,-23.01768461807922
8,4,0.6387598786808761,0.6273176752117882,2.1311397025081553,2.044418496400232,39.588761950082876,42.767549047516376,10.65100499728565,11.265309059170352,-8.865872445767124,-10.201819028209096,-8.188457315327593,-22.643151324564656
8,4,0.6158047389761825,0.6130344566708442,2.130375757037451,2.087937680283059,39.794438834594665,41.8388879416647,10.62935376838652,11.422337060847129,-8.826357433398693,-8.288920419493609,-8.387237805055342,-22.18812950823555
8,4,0.5977863149761729,0.6468525859230229,2.1223380285914066,1.979160305798889,39.523786854640626,42.03796711993195,10.570213573192651,11.210034082327546,-8.738426763932273,-10.442654126692316,-8.334709342912323,-22.236225024561982
8,4,0.6174186804955851,0.6643172798007108,2.1528996771516367,2.109482037544376,39.8325167988261,42.27518904471546,10.63934313021872,11.373186045157164,-9.111269814437302,-9.923718704045372,-8.240345894963278,-21.7965554699814
8,4,0.5895421316377895,0.691294208003323,2.087222137435589,2.0134617616941592,39.766051639878825,41.91374718724364,10.478481050479708,10.321333630911049,-8.731843137252532,-10.401733740170032,-8.437791091854159,-22.8919921255185
