E5He(0+_0),E5He(1+_0),E5He(1+_1),E5He(2+_0),E5He(2+_1),E5He(3+_0),E5He(3/2-_0),E5Li(0+_0),E5Li(1+_0),E5Li(1+_1),E5Li(2+_0),E5Li(2+_1),E5Li(3+_0),E5Li(3/2-_0),E6Be(0+_0),E6Be(1+_0),E6Be(1+_1),E6Be(2+_0),E6Be(2+_1),E6Be(3+_0),E6Be(3/2-_0),E6He(0+_0),E6He(1+_0),E6He(1+_1),E6He(2+_0),E6He(2+_1),E6He(3+_0),E6He(3/2-_0),E6Li(0+_0),E6Li(1+_0),E6Li(1+_1),E6Li(2+_0),E6Li(2+_1),E6Li(3+_0),E6Li(3/2-_0),G5He(0+_0),G5He(1+_0),G5He(1+_1),G5He(2+_0),G5He(2+_1),G5He(3+_0),G5He(3/2-_0),G5Li(0+_0),G5Li(1+_0),G5Li(1+_1),G5Li(2+_0),G5Li(2+_1),G5Li(3+_0),G5Li(3/2-_0),G6Be(0+_0),G6Be(1+_0),G6Be(1+_1),G6Be(2+_0),G6Be(2+_1),G6Be(3+_0),G6Be(3/2-_0),G6He(0+_0),G6He(1+_0),G6He(1+_1),G6He(2+_0),G6He(2+_1),G6He(3+_0),G6He(3/2-_0),G6Li(0+_0),G6Li(1+_0),G6Li(1+_1),G6Li(2+_0),G6Li(2+_1),G6Li(3+_0),G6Li(3/2-_0)
,,,,,,820.057121536223,,,,,,,1524.4471903768099,147.61459506688098,,,2475.02853780568,,,,-1966.36260666609,,,803.2241453389561,,,,-1133.93576398403,-1788.29956411592,4022.3564077425904,1484.8508449360002,2607.53122281029,-798.4284394126679,,,,,,,,744.402323444636,,,,,,,1193.2944360398162,0.000377761649751456,,,628.47225961816,,,,-1.713250550989708e-05,,,64.6111610001646,,,,0.011888441494028,0.027883599874935203,9285.90455396466,243.092859452748,1543.115364393088,8.88495821261176e-06,
,,,,,,399.768710322107,,,,,,,1849.49502028958,1405.3559141549401,,,3290.3092310833604,,,,-2925.92298948668,,,-126.23651536722899,,,,-929.028412946806,-1864.30381527272,2690.35832335932,1386.72137562824,2503.5413075515003,-807.342418610765,,,,,,,,249.345045931688,,,,,,,1749.101065706856,15.06982919578152,,,1466.913264501642,,,,-1.684976987248164e-05,,,-1.360274620263426e-05,,,,0.00987897471190528,0.0249338116760178,4905.54850848178,434.37961567801,1572.811545482484,8.033839672117361e-06,
,,,,,,507.86886578805803,,,,,,,1581.1095242197798,-20.273116384439902,,,2498.7490296173396,,,,-3326.75407370033,,,-91.9306669266386,,,,-1896.20428866501,-2133.22632903776,3286.16520138443,1042.13013067436,2336.4839811358297,-1139.7197815831498,,,,,,,,354.89375707977797,,,,,,,1277.768931106964,0.000424838353486904,,,587.27982316342,,,,-2.1231255719851e-05,,,-6.79560136362706e-06,,,,0.01403054525139952,0.0278981130956992,6079.412766021141,116.3002071398722,1300.088715165856,9.38190139934024e-06,
,,,,,,750.45751691792,,,,,,,1691.6726196128,945.547964815064,,,2925.89002587774,,,,-1940.5081125688,,,696.9322803324201,,,,-695.467054492064,-1650.15127309905,8274.98645880245,1642.79786480959,2683.52428060802,-666.809138401439,,,,,,,,636.824296418682,,,,,,,1468.712268546906,1.24464408990462,,,1070.9231944128842,,,,-1.5318486313288462e-05,,,43.5666213511368,,,,0.01025970092339562,0.026792300952322,12602.07085707222,394.150309350746,1666.627985141388,8.66960973199408e-06,
,,,,,,684.7957717099459,,,,,,,1582.20726074193,111.127915897731,,,2542.7742295029902,,,,-2288.1562682070503,,,548.7160263155511,,,,-1316.64944004378,-1775.00344946007,2616.11962124995,1378.93546636102,2520.36482906744,-716.4537206976889,,,,,,,,597.416916292206,,,,,,,1261.298564279226,0.0003848127207733,,,640.324250312388,,,,-1.88583634284851e-05,,,20.160912616747,,,,0.01240433874937754,0.02600905898685,4892.20112916418,220.688124547004,1409.09842234771,8.6325537184955e-06,
,,,,,,950.748337135647,,,,,,,1372.62212324246,-211.69245768324498,,,2150.7513938976103,,,,-1140.5544234520598,,,1210.2214873693101,,,,-904.639338834977,-1902.32196758971,3986.7205697766003,1532.30883735914,2605.41895782809,-1011.1815761378699,,,,,,,,962.823803672674,,,,,,,924.901865140112,0.000328523303691622,,,406.13758545704997,,,,-1.4173569553674781e-05,,,257.515366779194,,,,0.01022435346528884,0.027376868155922197,6898.5772952157995,253.459504664736,1618.129426707272,7.20169601801498e-06,
,,,,,,506.09805048200593,,,,,,,1573.04714223613,1151.0103043306299,,,2802.14934379685,,,,-1893.12280040343,,,359.12259629458896,,,,-564.101839593583,-2199.79327080671,2689.04649825385,2282.47468709799,1405.8681762234698,-1099.17540560163,,,,,,,,358.179827927882,,,,,,,1257.562213842772,5.80310912964044,,,1062.755722734502,,,,-1.16919525464693e-05,,,6.56689953247306,,,,0.00756682815534536,0.028063016127851198,4621.03659278028,1134.950982797196,371.27946130086195,9.35615984533066e-06,
,,,,,,683.853380781782,,,,,,,1474.69083362804,914.1537058737999,,,2605.13737306493,,,,-1418.3921865939599,,,755.306148921763,,,,-451.219271075039,-2008.21700424672,2641.12639859275,2364.15519927129,2364.15519944207,-886.462785903507,,,,,,,,571.795759477576,,,,,,,1160.376764261488,1.4136761732601542,,,916.372768431578,,,,-1.107534372278664e-05,,,85.88045908435619,,,,0.00818295306167484,0.0296442034976112,4736.1819323747595,1253.442525672322,1253.442525744646,1.013033270259572e-05,
,,,,,,638.591087681861,,,,,,,1755.5922930741701,2101.4545061821,,,3361.56230773886,,,,-809.369935552471,,,819.399168245455,,,,506.25426917359795,-1689.49782229883,3976.68435948961,2677.0150590764,1918.8043515126801,-659.445618477539,,,,,,,,520.038140493476,,,,,,,1565.845351018606,203.436878979666,,,1877.2460694403642,,,,-8.56642961880914e-06,,,153.7769584105838,,,,1.58520948097528,0.024096975145381398,6630.5304635311395,1621.832782064084,827.414895495064,8.444697940175501e-06,
,,,,,,814.58384402977,,,,,,,1952.37764849733,1854.54120055297,,,3587.3988082313,,,,-1474.38113060845,,,910.919118726144,,,,45.8563908126457,-1099.35844429387,4556.79279027273,2063.63503645796,2979.86223082959,-28.0754188659207,,,,,,,,736.3076854423019,,,,,,,1973.1550680257822,76.1195210869956,,,1909.197212847944,,,,-1.385163923952014e-05,,,115.62490183659541,,,,0.008410220384182519,0.023690399860645,7217.610827914639,787.0238612027019,2059.13083607104,8.06050263461038e-06,
,,,,,,1137.92426287847,,,,,,,1608.4834962341802,622.7160065311999,,,2715.50950933225,,,,-387.289416784244,,,1677.65299418684,,,,-101.63763325790299,-928.6330623058719,1752.4802137264699,2050.88594716198,3020.07440383652,25.5275609449719,,,,,,,,1321.7936551546,,,,,,,1294.350283611504,0.0628798898098708,,,848.648160550286,,,,-1.243625894452898e-05,,,626.550319138976,,,,0.00947803241446206,0.0242244559051064,8574.68969769754,622.84554738153,2298.4575827806,8.23412288368584e-06,
,,,,,,457.767610697705,,,,,,,1607.6487085581498,771.563494737852,,,2759.47097448373,,,,-2752.68409518149,,,9.13608952477282,,,,-1191.4251807340702,-2158.08739339341,2642.9545951394502,1219.45888738562,2348.4033968030903,-1182.1475192959601,,,,,,,,300.97190471867003,,,,,,,1317.78229783202,0.318919356755304,,,929.131773333856,,,,-1.638651051553874e-05,,,-6.79745929969034e-05,,,,0.0099365626553805,0.0264118821213832,4880.37600927606,249.738385174288,1306.3822672507802,9.38119336829194e-06,
,,,,,,634.9328174967391,,,,,,,1384.03035815217,741.17412224801,,,2415.22561599988,,,,-1349.97242780791,,,683.745396620991,,,,-515.870297439603,-2317.8004539472,2594.60401952796,1396.55913936532,2298.99026977848,-1370.45718815574,,,,,,,,499.100540089284,,,,,,,957.6962388711679,0.320069657348744,,,731.1317406339381,,,,-9.8576478336182e-06,,,67.52434725943219,,,,0.00672265199728566,0.028307371050791598,5056.67126153602,293.38760559122403,1164.8938038358222,7.64451001630872e-06,
,,,,,,670.120865487939,,,,,,,1513.9380057995,952.036728442006,,,2656.69775015799,,,,-1313.81715055699,,,760.428189615896,,,,-388.362613793414,-2147.46015917219,2728.8939722300597,2294.33353341642,1549.06975249407,-887.516300529844,,,,,,,,564.0821733174221,,,,,,,1168.234363827074,1.67058424358497,,,910.899384457078,,,,-1.092489583006268e-05,,,94.9078992134678,,,,0.007872386813075019,0.0308615469050874,4599.437384788,1017.6602858522099,391.089357917296,9.199188535882201e-06,
,,,,,,556.1766563017641,,,,,,,1447.02170274987,622.9739618842771,,,2482.25036448112,,,,-1913.1499768221202,,,443.086545806222,,,,-857.725199712263,-2241.51933805763,2617.77472950671,1299.4104271514998,2226.9734643614897,-1163.7092356344,,,,,,,,421.500826124452,,,,,,,1085.248889816024,0.08202596603013759,,,748.16797457853,,,,-1.282492065870742e-05,,,13.60273286872172,,,,0.008862666626436701,0.0287845119258938,4431.62472843662,258.666613832906,1103.014342825724,9.66466341284694e-06,
,,,,,,799.5371023782491,,,,,,,1527.3045759926301,593.626913234982,,,2585.28510468191,,,,-1389.8723610877398,,,924.080708405068,,,,-617.447784331486,-1969.1947067245098,3829.43138069949,1601.1115719136599,2484.74097837848,-805.354920582284,,,,,,,,731.200649751878,,,,,,,1175.6051786495002,0.048726956671218596,,,772.213940750452,,,,-1.335587346824476e-05,,,131.712837732075,,,,0.00937320113859168,0.029328926595365398,6392.85762945312,346.849159026738,1226.270572063838,8.59467752938238e-06,
,,,,,,675.004745761054,,,,,,,1892.87525066671,1568.1011093356801,,,3420.85414686001,,,,-2110.8676373734697,,,559.269332114868,,,,-428.098907093045,-1401.5435510540499,5383.66919953914,1801.45016540202,2771.7517600251604,-236.559256578342,,,,,,,,563.024617114252,,,,,,,1901.706896929462,29.945389857433,,,1693.636485277388,,,,-1.64457529458894e-05,,,22.3133517138068,,,,0.00990712433007982,0.0249855398588404,13178.554572262261,609.978913694616,1808.405273053654,8.52445929561114e-06,
,,,,,,461.067079496442,,,,,,,1731.04175227819,1389.71084106121,,,3120.05937118061,,,,-2475.1589418109197,,,111.198635863365,,,,-706.973819898201,-1986.4892392359602,4985.916273408389,1437.1271331187202,2442.4917752656897,-923.145304127753,,,,,,,,307.932014886368,,,,,,,1569.294264026096,16.89512972115494,,,1392.034939943262,,,,-1.483935957623598e-05,,,0.044474606749633,,,,0.00865530242532668,0.025883577267556402,10633.77105847764,436.07207236311604,1445.977333585,9.15829246894656e-06,
,,,,,,826.567364221729,,,,,,,1927.85990722824,2276.57614018992,,,3682.9301105381396,,,,-634.108655588115,,,1138.19759958901,,,,687.1177288289911,-1132.61686894184,4559.35308084794,2996.0854928691,2226.77392853328,-103.64635592334099,,,,,,,,765.59539913768,,,,,,,1910.331657208738,250.89565434002398,,,2217.82775532872,,,,-9.46447987983136e-06,,,297.250451950898,,,,4.87604263644212,0.0237266904164994,7379.357237379821,2170.74212994244,1053.697453775158,8.00438058187858e-06,
,,,,,,784.41391761625,,,,,,,1950.33282989414,1810.900477476,,,3558.55436598885,,,,-1369.004755262,,,922.848706482901,,,,59.4095022919277,-1157.71290106014,4353.4121144414,2890.24298573571,2890.2429867710803,36.7270634420096,,,,,,,,719.8698710895641,,,,,,,1953.749756125374,65.5360555464994,,,1824.398031174162,,,,-1.281382026438388e-05,,,139.9252867584008,,,,0.008598816380253739,0.0256018935737942,7022.063576532841,1876.6569820732739,1876.656978024838,8.86536266588256e-06,
,,,,,,856.7698212094999,,,,,,,1256.42564768995,502.63843457883496,,,2160.08829998344,,,,-387.92493010906895,,,1235.3388302006001,,,,-157.187332644221,-2142.09479767914,3860.7922855591,1554.97107049577,2464.08015082132,-1371.11774585665,,,,,,,,802.1711315579299,,,,,,,765.24595251284,0.01849878530965384,,,540.074563614388,,,,-7.2163839933231404e-06,,,380.34703946715996,,,,0.00560053006115246,0.0273404689513572,6834.109254595641,364.944017089122,1504.1630263406919,6.03642992825756e-06,
,,,,,,798.729384444141,,,,,,,1301.8025319486899,376.287042947494,,,2206.51116845566,,,,-952.406789058497,,,1035.7590536841901,,,,-506.54420151576693,-2113.87923590955,2620.74640278236,1479.80967594743,2346.51875639747,-1076.9533882005999,,,,,,,,736.6259172993041,,,,,,,881.7663368079079,0.00199485600866121,,,563.292424553348,,,,-1.084767794292748e-05,,,219.718825049678,,,,0.00804825819723914,0.029922877147026,4818.7949237374,305.654761896214,1235.105551115598,8.972022609768819e-06,
,,,,,,756.669836117453,,,,,,,1672.22226324384,1072.11673929237,,,2913.18088113697,,,,-1494.01071892102,,,824.281272922259,,,,-415.641005402771,-1749.71652361801,3996.96831613447,1699.42096281537,2607.95214246261,-688.375632057654,,,,,,,,654.7332906900019,,,,,,,1390.948418756722,2.9601213198963,,,1061.60382416718,,,,-1.2807677848555421e-05,,,92.21486825818239,,,,0.00894084258250806,0.0279644916183746,6489.9448606862,442.24031959087,1415.90809591072,8.17159204156282e-06,
,,,,,,637.491771499817,,,,,,,1831.4164297681,2193.99769590361,,,3496.96096538536,,,,-900.338108743229,,,796.706329501613,,,,509.69859031849495,-1609.07389953694,4067.7979297371103,2706.14230567669,1959.5634681867,-563.30440564313,,,,,,,,512.456551721484,,,,,,,1683.251263491878,228.89565267069202,,,1976.8487258037198,,,,-9.01449921736268e-06,,,135.82901784013322,,,,1.597649959140656,0.0251489372716866,6680.67820448752,1666.727120471724,872.2237340166979,7.913729108033619e-06,
,,,,,,944.464745897889,,,,,,,2052.0201925596702,2018.4604087434898,,,3763.09982592281,,,,-808.505863807723,,,1278.198150303,,,,439.402049056298,-866.682042007846,4932.79709832981,3192.48577100706,3192.4857710236,166.111614155324,,,,,,,,948.724207798586,,,,,,,2057.59138724102,106.160723302996,,,1994.3286459041701,,,,-1.1851554578709199e-05,,,332.062683881306,,,,0.343340075483494,0.0238534314298364,7489.59854725728,2371.7569583151203,2371.7569585596,0.001157919966935542,
,,,,,,654.7757544039309,,,,,,,1456.69590536024,1115.11552784001,,,2624.6238384971502,,,,-1214.11270808824,,,750.614098019065,,,,-240.48921689437898,-2201.46004673444,2677.51113601224,2270.53527981555,1531.78206478205,-1045.55562237699,,,,,,,,527.589755598696,,,,,,,1118.3668509360741,5.9428448653858,,,979.305771714806,,,,-9.65702763038188e-06,,,94.8380382980508,,,,0.00682852314786038,0.030910238179170203,4650.29851241048,1090.261499348936,409.59910774131,9.79315629464226e-06,
,,,,,,628.0705931267801,,,,,,,1193.49486454038,-1422.42387717593,,,1587.7324501060698,,,,-3467.47968366643,,,26.8294947768042,,,,-2674.92503475364,-2717.17613324691,2581.1092430683198,659.261227163675,1979.21606815143,-1583.58519939492,,,,,,,,482.146277038688,,,,,,,776.9854470225221,0.000487695880962306,,,115.6234265919438,,,,-2.4121953170034802e-05,,,4.73492347783176e-05,,,,0.01728808971949294,0.033941769385937605,4075.9907611802796,8.17080113897858,829.302836922618,8.823427369496859e-06,
,,,,,,513.2580319690991,,,,,,,1930.7540042297599,1644.4702711514801,,,3477.40061030671,,,,-2544.8630363104503,,,168.681482111009,,,,-603.880986027517,-1725.91694437834,4104.69724345193,1614.82544519102,2632.0440273683002,-613.080068256414,,,,,,,,360.434705401256,,,,,,,1888.9817149360879,36.7904816152714,,,1678.179211930252,,,,-1.610172098867708e-05,,,0.204973288064398,,,,0.00943784783024862,0.0256293396537666,6810.92152738786,548.474084921398,1623.119142559894,7.90562159351588e-06,
,,,,,,223.778052819293,,,,,,,1826.67573349076,1774.74493303279,,,3357.94679047279,,,,-2935.22215935376,,,-453.564390564873,,,,-715.0225197863141,-2384.72033514007,3705.54486435747,1262.46420507018,2356.87799001269,-1436.43098971522,,,,,,,,99.389619099562,,,,,,,1642.625631309554,66.0092363598002,,,1637.713419761742,,,,-1.307404785923662e-05,,,5.81930708538996e-06,,,,0.0068520290619250804,0.025261791146964,6283.9231434452,490.435077455542,1429.351918727588,9.03972085821078e-06,
,,,,,,903.9595852840961,,,,,,,1483.1095613838402,269.204714513793,,,2443.19641764009,,,,-1403.40371786355,,,1070.82607983146,,,,-790.52815807645,-1700.26877550267,3971.08671348588,1608.70832319348,2614.03372329412,-641.205467787051,,,,,,,,873.17091179359,,,,,,,1135.125826810634,0.000422569616179152,,,639.111409581432,,,,-1.462743791952956e-05,,,174.606666190391,,,,0.01086468684404624,0.0286736955297786,6645.81228611014,312.84665679546,1486.98499065124,8.911808315030039e-06,
,,,,,,688.463452372505,,,,,,,1535.32404660526,1263.36633079461,,,2772.7910788721897,,,,-1003.0604912023999,,,847.0881784573589,,,,-64.93794920691829,-2062.33771084556,3731.11567549787,2437.92336325378,1653.3429763601998,-1011.31595989522,,,,,,,,574.585275080528,,,,,,,1176.887001111508,11.56003317779584,,,1071.724778888862,,,,-9.848420772175379e-06,,,140.5698385696572,,,,0.0060971858417442,0.0281499472655268,6322.1562630445,1246.9729159807118,480.94570221284397,8.54296664093584e-06,
,,,,,,740.098574344898,,,,,,,1662.20088132137,1435.48746968823,,,3011.6709248060597,,,,-1072.31407651322,,,907.017911204775,,,,-5.34553587760002,-1826.92456114859,1546.32588016912,2608.0054592471197,1796.2912375390201,-761.3472422263769,,,,,,,,641.228246007096,,,,,,,1384.403691707468,22.1907701121268,,,1280.446417919562,,,,-1.058060663578236e-05,,,152.658614779035,,,,0.00668531178651958,0.0273884261263998,7599.2992420481,1445.178349503218,572.78520477826,8.45756841791808e-06,
,,,,,,685.3300786156859,,,,,,,1432.9133946663399,56.2301554625246,,,2290.87189184339,,,,-1922.81228073186,,,615.2572063814849,,,,-1163.36104944207,-2363.6768174898,2664.60892655136,1293.08233149574,2298.28397431082,-1314.8336327322102,,,,,,,,567.357164585916,,,,,,,997.402109075022,0.000328715528456666,,,492.059601341526,,,,-1.48780810200239e-05,,,32.7491594292864,,,,0.01017179687508854,0.029932472687465798,5027.116975597561,177.7863175462918,1040.168709927304,7.061738394962321e-06,
,,,,,,659.131177422847,,,,,,,1531.05355917199,1225.29359016349,,,2767.75590650459,,,,-1285.63316816426,,,737.187523083564,,,,-218.891110383428,-1944.78233514449,2056.22357634928,2488.6315369348104,2488.63153669746,-992.015867391165,,,,,,,,529.1294012794741,,,,,,,1204.7423215072738,9.763624745871,,,1092.2971522588361,,,,-9.8444516869194e-06,,,85.1449898208914,,,,0.00650732272252098,0.0268144576711714,9068.035469956421,1449.917301983566,1449.917301166764,9.122614495609819e-06,
,,,,,,663.9321219291629,,,,,,,1413.49799922317,640.5750905452439,,,2438.6279616116103,,,,-1605.42216871263,,,660.482656831625,,,,-691.608816004182,-2086.39731572716,2687.73139866787,1397.80822931888,2286.0807213041003,-1024.74614921691,,,,,,,,539.0080362713,,,,,,,1046.2072359163599,0.10833018906066741,,,736.856009881184,,,,-1.236583445084714e-05,,,50.04827897761599,,,,0.00865498609332584,0.028562778986519398,4623.35088376256,278.66554878616,1119.148340653704,9.61708722321886e-06,
,,,,,,927.086552627993,,,,,,,1600.70673794106,1662.13974429183,,,2981.08408379708,,,,80.5357947607519,,,1452.01780437049,,,,685.603227367926,-1599.2125450659,4044.79123202805,2659.5536303447197,2067.02588837431,-368.768653283535,,,,,,,,944.072002748206,,,,,,,1290.661291228626,64.1162956649828,,,1355.6689669353318,,,,0.0034227372988162997,,,609.4058463017719,,,,4.45493166282916,0.029414188270989197,6530.13311640964,1398.00794460252,843.75062870908,8.2785872501081e-06,
,,,,,,599.3667815663281,,,,,,,1370.01329784711,742.999484709372,,,2400.0476199428704,,,,-1455.7892999943401,,,609.394457635123,,,,-564.7695952153,-2527.58763719191,2622.69692068889,2176.92667439465,1352.1359897136301,-1460.11284987585,,,,,,,,462.969066894566,,,,,,,963.887225953586,0.347389448429952,,,740.632664537368,,,,-1.02259516338594e-05,,,47.671046650563206,,,,0.007062956417823819,0.0300415652020708,4493.69758723516,1006.2954334152181,283.86777120055,8.15016370393344e-06,
,,,,,,724.744109016967,,,,,,,1463.53623598373,771.409813104682,,,2546.74788127884,,,,-1498.64658189737,,,774.346542515215,,,,-567.20653007403,-2061.92956918622,3752.27756816853,1507.60602852487,2441.69875277963,-1090.16757681704,,,,,,,,600.261580432352,,,,,,,1113.347013318488,0.40139962511135197,,,825.699468139662,,,,-1.157939213675764e-05,,,78.5363102605362,,,,0.0083114230793062,0.0291743208915436,6513.37559092622,330.316951326708,1356.206190746178,8.97620319991088e-06,
,,,,,,794.783007753096,,,,,,,1228.01285689777,1360.24151775764,,,2340.82399424363,,,,378.523161647649,,,1304.01785020419,,,,687.308842318246,-2514.51834565535,3951.91419278844,2220.1017080644297,1683.66764699232,-1482.6121768087198,,,,,,,,730.3568244819339,,,,,,,751.358064879076,39.1836091603676,,,876.8188310508241,,,,2.9502207306274997,,,601.7832123517139,,,,7.153861649833541,0.030876910983039203,11257.62899961466,1048.426629785622,617.7637897799721,6.59977517831376e-06,
,,,,,,799.126890271454,,,,,,,1595.70153551878,489.737128471464,,,2651.04258749473,,,,-1521.12319319206,,,909.539331131097,,,,-739.659498998502,-1536.55378963249,4000.29342527393,1621.58710407786,2710.85530919311,-653.956347241793,,,,,,,,746.348800604258,,,,,,,1250.664023495484,0.00978709430313856,,,761.543913372138,,,,-1.43889827691757e-05,,,124.25147703140239,,,,0.01008011808391278,0.024826900363642598,6900.8153073754,345.260593876236,1755.6636403319378,7.97507432509696e-06,
,,,,,,394.271904298652,,,,,,,1652.61273370665,1265.9463253398699,,,2950.64775340526,,,,-2480.47460824657,,,-14.0558376940854,,,,-785.781479157183,-2462.78400516068,2722.44876107958,1291.3127153150901,2220.81009307551,-1377.73102291127,,,,,,,,238.043204565822,,,,,,,1377.229174071458,9.75653734532982,,,1182.6870718470159,,,,-1.3478523945221321e-05,,,-0.00010998090753093739,,,,0.00796660894218248,0.028506454867992,4592.694581127201,356.147556851982,1113.44234662483,9.09969221082648e-06,
,,,,,,660.1121122001709,,,,,,,1567.37187602432,1240.01788362899,,,2815.5839347573,,,,-1104.99551102785,,,802.311202080384,,,,-130.77185856551,-1979.31793032906,2561.94102263504,2525.010498556,2525.0104985847497,-1022.86025927302,,,,,,,,551.601961829866,,,,,,,1226.25911864514,9.6137282470643,,,1089.7660125669738,,,,-9.627982402767e-06,,,127.35936913672941,,,,0.0063923960658086604,0.027431988055298197,5139.65619017188,1515.283386596296,1515.283386614358,8.71799883279418e-06,
,,,,,,826.7481981157681,,,,,,,1960.57219241686,1513.1013034859,,,3486.8304002630703,,,,-1695.92567099835,,,894.6362078363001,,,,-272.699519900489,-1021.9114357491601,4508.66078737309,2001.05359360693,2999.39205896249,54.8431681041824,,,,,,,,777.646399762776,,,,,,,1959.360119043758,21.1154401859898,,,1637.492143178008,,,,-1.61871065132507e-05,,,103.579182736088,,,,0.01030611222856542,0.023499659661219,7194.18162010166,674.492613664636,2093.7992464681997,9.70639937003168e-06,
,,,,,,703.1628127362029,,,,,,,1723.0504255449498,782.628811676724,,,2921.17234956963,,,,-2197.90382963259,,,564.905920786012,,,,-918.87591760278,-1819.6492873509,4037.9057078430296,1569.27383797184,2627.82714983624,-740.0750935254971,,,,,,,,589.35234892293,,,,,,,1485.222527940162,0.29886107246778004,,,996.7847817626359,,,,-1.716711774545376e-05,,,20.403164365397,,,,0.0110005199257556,0.027395869915148603,6613.82627727006,346.312394276192,1478.0938506303241,8.40929901231788e-06,
,,,,,,844.9780354762199,,,,,,,1426.3233644726301,-296.435629849002,,,2214.1980890115096,,,,-1938.69015993908,,,851.385429631786,,,,-1350.3476878107501,-1822.8110175788902,4948.11400185094,1381.7005272938102,2536.51787091178,-837.878780969173,,,,,,,,793.0162785637141,,,,,,,1041.233901855786,0.00038816230108227397,,,428.49189811169,,,,-1.7985835527138238e-05,,,77.36205174772121,,,,0.012660339244482519,0.0277518655861336,11401.68517523524,177.3266382942546,1451.324084213808,8.746745590487e-06,
,,,,,,658.630256643026,,,,,,,1776.74254427843,1449.1724661517999,,,3188.8132999846903,,,,-1831.4540593480099,,,592.618300834006,,,,-365.739504540237,-1626.15677578044,2449.1822768141697,1707.9889425820002,2707.67185184705,-676.5097288149971,,,,,,,,519.708147958202,,,,,,,1589.557160301998,19.9766764780119,,,1400.74400816908,,,,-1.294172883066416e-05,,,30.490397569944797,,,,0.00820054840347988,0.0253965851270552,6098.23902308814,521.597021291126,1732.50560519087,8.04779204576132e-06,
,,,,,,542.283989264454,,,,,,,1364.62877201215,682.9268918609221,,,2362.82907446671,,,,-1569.19699300927,,,495.502293657797,,,,-656.707565493202,-2634.19574070658,2649.69542577943,2101.70856223969,1269.8308848858399,-1603.02419578945,,,,,,,,395.703219372912,,,,,,,927.712832431376,0.1766381107691366,,,677.732610215268,,,,-9.949118962247441e-06,,,24.4616845699176,,,,0.00701943631872226,0.030304272968292998,4419.79779440688,914.522686847628,247.770584644596,7.12587128237392e-06,
,,,,,,750.075428251622,,,,,,,1332.97765374733,350.30730578412897,,,2239.90057165321,,,,-1305.16134656539,,,872.2172876765179,,,,-695.764969063468,-2223.58619773294,2717.5494235999504,2219.83236614636,2219.83236758465,-1033.58212761565,,,,,,,,658.380770553402,,,,,,,931.19419890151,0.001198885060943938,,,566.24229814048,,,,-1.17346750031477e-05,,,123.4156162435468,,,,0.00909911407406162,0.0320307977984498,4504.193632055,975.303088348638,975.303090645822,9.456793378233501e-06,
,,,,,,657.556755366426,,,,,,,1363.38364521155,12.3449068377598,,,2224.20681249798,,,,-2201.8819637768197,,,507.83557288912493,,,,-1314.4974110216501,-2153.34532049406,2604.4876540435002,1217.39481734376,2257.2101412061597,-1067.96071856033,,,,,,,,541.973655613014,,,,,,,1003.5032979298279,0.00037209194654374,,,519.208882368882,,,,-1.695948378291632e-05,,,15.458624647736041,,,,0.01153638664266756,0.028767753898655202,4429.24698584574,161.5051912908742,1151.782747007646,1.0456649639876039e-05,
,,,,,,180.41626057667702,,,,,,,1216.30227726821,-1470.96314304234,,,1560.0176286148399,,,,-4772.86826261488,,,-1226.98232077244,,,,-3363.56618191078,-3608.92331634449,2411.97083795174,27.0592988822933,1504.25567461311,-2561.30876013767,,,,,,,,71.5043334687084,,,,,,,744.8345787827541,0.000439730096463064,,,91.22771364145139,,,,-2.51195540101838e-05,,,-6.37916484468826e-06,,,,0.0161180448491271,0.033912939459296604,3431.80331990352,0.0022596550580592603,552.4404227225281,5.584769274622581e-06,
,,,,,,805.614669693734,,,,,,,1655.37360831304,1269.05570474057,,,2973.63643004278,,,,-1308.6294482823898,,,942.219983717099,,,,-203.57713784351898,-1578.52205265152,4032.99703966314,1802.7264492094,2671.1226815301798,-467.985457052483,,,,,,,,724.231553673618,,,,,,,1447.754621122736,10.40965340850974,,,1257.013587551012,,,,-1.2532506582498299e-05,,,139.22708172832,,,,0.008268286603743819,0.02686649704888,6747.612401637501,540.0911860014161,1570.533033884016,8.9267433105361e-06,
,,,,,,760.406321721032,,,,,,,1704.52267723511,149.507289715446,,,2722.8987491940397,,,,-2557.7779331073098,,,556.1671158705869,,,,-1433.07260625816,-1591.19349228003,4186.45955148247,1470.17690886977,2733.13545527198,-589.3587386355939,,,,,,,,673.145075763498,,,,,,,1440.31941222171,0.000409795315428054,,,723.331630894656,,,,-2.117148763848e-05,,,15.31333710261236,,,,0.01362430117307888,0.025622287720518,10653.46048463708,233.2472508534,1673.665547876158,7.97808137948542e-06,
,,,,,,1180.53744176234,,,,,,,2081.55564544143,2383.60848317535,,,3961.54716586044,,,,136.526923316278,,,1844.0485644668101,,,,1097.41400646275,-165.169809798861,4005.3373013679698,3463.0349691534802,3463.03496944263,820.858443688604,,,,,,,,1377.05879359059,,,,,,,2232.7920475194396,269.31521199578003,,,2495.5130729607,,,,0.01887650103965982,,,846.023540609988,,,,28.5891474708502,0.020291672874857003,8038.20369035958,3283.02330912052,3283.02330915862,5.3729870838136,
,,,,,,623.523018110283,,,,,,,1944.44299385349,1735.37059508067,,,3522.5432868730404,,,,-2221.09007220775,,,420.924107951599,,,,-385.090366309388,-1561.01651108901,5000.45565920605,1763.40950427397,2763.34338159971,-547.39997930478,,,,,,,,471.086629261392,,,,,,,1910.9402120897462,50.2941188829892,,,1741.639760250014,,,,-1.484058166222164e-05,,,7.1511104205948195,,,,0.009038084424061659,0.0255277908394832,10738.484154345979,603.024032782838,1824.276114641378,7.64572295022312e-06,
,,,,,,769.867468475202,,,,,,,1997.58482789996,1255.05272022087,,,3450.97798739611,,,,-2143.1981931189102,,,700.4851246714339,,,,-644.4891697128,-1022.18074630978,4046.3950437919802,1875.78042762152,3032.99353644487,-39.9797987316373,,,,,,,,699.465197157104,,,,,,,1964.260769937674,5.78144243178038,,,1458.3728909509339,,,,-1.8626272712373382e-05,,,42.7503589782236,,,,0.0116271334916528,0.0223529924838012,10589.45550564316,555.82163383391,2198.35913108964,7.2551306199536e-06,
,,,,,,614.466800792902,,,,,,,1513.36634161037,220.749954766263,,,2461.29469113081,,,,-2372.32473423113,,,388.55633194850196,,,,-1300.36572754011,-2305.10165269714,2671.2588595367,1258.62101154152,2311.09825581774,-1226.6911421411398,,,,,,,,479.94711490342803,,,,,,,1152.672488603068,0.000369368706948358,,,615.96764124558,,,,-1.673282972484054e-05,,,5.38898128909946,,,,0.01131026189694464,0.029984876196304203,4827.45956501934,187.0194824768032,1120.289641624564,8.49487066098586e-06,
,,,,,,301.789522415722,,,,,,,1584.55739082267,1113.66218078885,,,2819.68577869808,,,,-2784.69634957812,,,-259.106577794642,,,,-1016.7557545383501,-2543.14973014366,2633.62737732725,1117.30777876197,2170.27699488799,-1543.16616987624,,,,,,,,159.4997587665004,,,,,,,1284.201437691278,4.57614323383924,,,1082.6481070371242,,,,-1.387410468679788e-05,,,4.66143829289622e-05,,,,0.00790718005131248,0.0270410583834018,4450.5918624454,293.227826242148,1161.057653698994,9.40971137756078e-06,
,,,,,,835.6405184201041,,,,,,,1526.79271845826,1136.11278556149,,,2743.67482126702,,,,-771.747911152264,,,1124.16041358793,,,,-16.845441656344303,-1579.45174926027,3986.9195358274496,1786.9363560946001,2684.26244216112,-659.7388378629399,,,,,,,,784.37438489664,,,,,,,1200.645447325416,5.84073789182814,,,1059.785895384436,,,,-1.0412447209893601e-05,,,273.21210024529,,,,0.006583219147607239,0.025011505549858,6958.424397005259,537.1743571812179,1759.147442367286,8.93291848195416e-06,
,,,,,,929.247565410385,,,,,,,1550.12425625915,1571.98370360782,,,2891.27090868109,,,,-68.3413464428101,,,1411.00450246219,,,,570.261655351231,-1616.72583204074,4102.13252364335,2699.7864426445003,2005.49138103377,-528.951946542634,,,,,,,,917.00551884028,,,,,,,1239.031283982084,50.516538054804,,,1308.3243605786502,,,,-8.14734819313004e-06,,,530.6776007952179,,,,1.718111713097998,0.027645414147341802,6797.68118094718,1588.873664732376,776.4593434114059,8.791125918511259e-06,
,,,,,,527.6967401813571,,,,,,,1732.90314803805,1932.6795801153,,,3271.1836726770703,,,,-1460.7469886792298,,,485.556043426597,,,,104.631409357627,-1720.28293193232,4011.11262585737,2654.30028819575,1697.85758488039,-888.044241530592,,,,,,,,366.83960521542605,,,,,,,1505.9547692453339,128.9377610790444,,,1697.870806059506,,,,-8.64142548684076e-06,,,23.4671010424732,,,,0.00507265726321388,0.0229042483052264,9399.47650641554,1744.9582437797299,650.509565970902,8.27164337082982e-06,
,,,,,,1002.00078597971,,,,,,,1728.0586579098301,1003.8235324324701,,,2991.0081126874,,,,-825.384170280366,,,1374.10365461588,,,,-124.15548503839099,-1181.29619389447,3439.58879497215,2028.71880217796,2890.71993973516,6.223400877966,,,,,,,,1083.45675971664,,,,,,,1519.04877489082,1.78863618216116,,,1116.619149066336,,,,-1.3747999393974599e-05,,,383.259149436972,,,,0.00988130548019316,0.026626341106541402,12291.3552954602,626.3918289807559,1783.1390862035298,8.54576469155592e-06,
,,,,,,661.556401059579,,,,,,,1872.48286732654,1201.2190107547601,,,3278.80196282482,,,,-2431.67185549258,,,461.133653611855,,,,-801.0073060956801,-1437.1609773134,4542.57147536212,1679.76444397017,2750.75458961828,-309.71028551054405,,,,,,,,552.394189641768,,,,,,,1840.500870792292,5.32578586557028,,,1415.143562024872,,,,-1.867739310350396e-05,,,9.848583709657479,,,,0.011656652045752659,0.025128140736225598,10507.236073598779,480.884565798886,1808.95607065373,8.60100853907012e-06,
,,,,,,646.979797385324,,,,,,,1695.34723907353,1030.01253145913,,,2950.59992801928,,,,-2016.20759842741,,,537.599615614347,,,,-693.6840845490581,-1721.5730165410398,3383.76856157805,1567.8365398343701,2566.72874067472,-663.74762694128,,,,,,,,522.188562914786,,,,,,,1462.2991306669,2.2332756109143603,,,1103.497756375232,,,,-1.500036502961462e-05,,,20.9208697879698,,,,0.00972179336270434,0.0263375697194888,13763.02584943862,395.150338906324,1462.905696532002,8.395216873036321e-06,
,,,,,,893.341406208888,,,,,,,1734.83305802938,914.987294639342,,,2982.7072212541398,,,,-1420.1546091395,,,1053.6497918863602,,,,-465.7759633304,-1089.32267669446,1868.20457268215,1856.7632707925502,2996.47548079103,-294.01404658250203,,,,,,,,859.827314073192,,,,,,,1487.0957268629058,0.8918126325325579,,,1081.92382633806,,,,-1.463995257589592e-05,,,168.63835284787422,,,,0.00953812037597262,0.0219330296944412,7319.04852780302,489.356209357602,2316.82560447598,7.471718233520721e-06,
,,,,,,762.749276880869,,,,,,,1462.5293019738901,568.471485414476,,,2482.3781784891603,,,,-1324.75973416736,,,895.2153316191341,,,,-595.9209660423211,-1989.5556579782,2684.4227131746197,1536.1152772436599,2409.20194230769,-865.2165074457861,,,,,,,,684.1300167598821,,,,,,,1097.138142173948,0.039089029187344,,,719.116180642068,,,,-1.210971613675068e-05,,,132.5535078997388,,,,0.009176157715346661,0.0300550498208128,4892.08410075796,329.079441581348,1212.9162649436141,9.15074641325042e-06,
,,,,,,682.205100642067,,,,,,,939.290114354142,-1742.4718681466,,,1105.90745461095,,,,-2311.8758151389097,,,507.85960921628504,,,,-2267.59421286763,-3097.95953682086,2514.80147371461,647.92113572839,1816.78935479135,-2078.17685862286,,,,,,,,563.7297453539239,,,,,,,450.59736431266003,0.00036565017013046,,,22.0338683782506,,,,-1.75243223854554e-05,,,13.69642683791972,,,,0.0130223794394292,0.0339687583523988,4107.3168667315795,7.95120763459828,727.571371623214,5.740659616404461e-06,
,,,,,,767.873383479163,,,,,,,1625.38458005644,1078.62803680089,,,2866.75478929865,,,,-1247.20515094173,,,922.403058722622,,,,-288.440918278645,-1676.85803908979,2650.5732191798097,1736.4760069327601,2601.67197494604,-556.4297607912621,,,,,,,,702.134971620268,,,,,,,1351.48392624281,3.43121703119992,,,1087.892573799578,,,,-1.233392218429974e-05,,,148.8232285176002,,,,0.00830155481890096,0.0267227634050158,5033.65308947692,488.33651779690604,1455.881148398736,8.663663944060719e-06,
,,,,,,968.601205823972,,,,,,,1365.96692035974,239.020656150001,,,2264.41591696856,,,,-658.399853186154,,,1356.200560886,,,,-431.109701967975,-1726.48977754153,2579.2488311658303,1667.75183977689,2601.76177614204,-745.95923492468,,,,,,,,1006.460338376344,,,,,,,944.714935534606,0.00032653940453517596,,,549.959625866666,,,,-1.18101328767463e-05,,,399.22578887050804,,,,0.00868561646909874,0.0276542635955018,5355.6224346239205,381.51165666169004,1591.738336483424,8.38025916159472e-06,
,,,,,,807.703244032498,,,,,,,1689.46071261484,1030.09890620273,,,2944.9986425647003,,,,-1379.54674373993,,,945.8018597269851,,,,-382.66300332084,-1481.02801358688,4114.79314246328,1783.33377381466,2741.97657641382,-421.17632398272195,,,,,,,,749.455098019238,,,,,,,1435.7563109282241,2.2260688490882203,,,1102.11091974509,,,,-1.3447769799546e-05,,,142.225417495601,,,,0.00902162929784772,0.0256157632620614,6811.39215135054,488.62323294383805,1658.106844430594,8.047431743375801e-06,
,,,,,,819.22428059417,,,,,,,1991.8070788039,1763.63556494809,,,3600.5112697858,,,,-1245.10261606504,,,1010.34479595222,,,,81.0410334584721,-859.6609669516489,4511.25459922744,2112.2465767285,3064.05331661949,151.65304797675,,,,,,,,790.265277077982,,,,,,,1964.980765018694,51.613755762755005,,,1789.678400188922,,,,-1.3354775240581319e-05,,,183.9973192052942,,,,0.008512114760416861,0.0216993590382668,7209.7282587283,814.49001376489,2241.4126175066,0.000862444296734536,
,,,,,,373.059293058099,,,,,,,1447.09067353501,775.80524228496,,,2504.47807641451,,,,-2238.36534373018,,,52.573424392565,,,,-940.974371829158,-2629.6294440633,2626.6224544561496,1103.95381810496,2041.60654973145,-1599.53305078035,,,,,,,,223.322278895586,,,,,,,1037.99393810365,0.400603474694132,,,762.3511281711139,,,,-1.14018565942643e-05,,,0.00313495644516202,,,,0.007651556772974061,0.0295251250158432,4263.35350855896,229.456627422492,949.588643240356,8.09707045419744e-06,
,,,,,,450.22526361523603,,,,,,,1460.3914486793199,636.956548221808,,,2501.55026516653,,,,-2342.87777251106,,,131.78981486777099,,,,-1062.88663553441,-2606.84166229426,2659.77579829357,1152.9361423720502,2096.82541409754,-1505.58938246254,,,,,,,,295.691499143082,,,,,,,1078.755492074694,0.092142537280244,,,749.026878464732,,,,-1.373299104168986e-05,,,0.09674560554836979,,,,0.00864133168351698,0.029729187928903,4381.4208430556,213.459791988962,933.432615736232,8.47320075452036e-06,
,,,,,,650.786846472856,,,,,,,1250.46593610697,-750.192808028728,,,1846.7488663834,,,,-2538.96814588362,,,383.37382581206805,,,,-1879.92990490282,-2496.74664122728,2549.5547745854,962.5064263097371,2219.14152249761,-1615.7596993380098,,,,,,,,517.27801437774,,,,,,,795.0921965487439,0.000357103927653606,,,239.463797660454,,,,-1.828870551935364e-05,,,4.2593451167291,,,,0.0122047645809844,0.0287714824312282,4885.69762853558,55.2289155668756,1157.507962079416,6.975978299985879e-06,
,,,,,,966.075042369304,,,,,,,1779.00050655219,1623.64639517393,,,3246.06389574707,,,,-473.6779602885,,,1386.3698574165799,,,,389.148849028397,-1022.6098018347301,6540.73930597788,2977.36638399446,2157.3016024442004,-0.963318777549451,,,,,,,,997.3912634437339,,,,,,,1598.5571174918541,41.5351237110584,,,1523.75176964178,,,,-1.06951327842152e-05,,,440.60880929893995,,,,0.1958305170784592,0.0237578704292344,11504.922373976839,2054.48560410046,827.576381578764,8.09267184820522e-06,
,,,,,,476.430849737374,,,,,,,1618.3597795292399,1108.93508056753,,,2851.6326149390898,,,,-2182.46211415558,,,225.07102146840498,,,,-732.1900056720871,-2215.9566371884002,2669.50645959923,1357.6422635879899,2331.10870205773,-1196.4499537204301,,,,,,,,320.389519814684,,,,,,,1302.83971494214,4.05920545869816,,,1054.510315105536,,,,-1.2636161173051121e-05,,,0.88057500697135,,,,0.008012069150516601,0.0277049642910954,4941.19749538124,344.11438340017804,1226.136048379512,8.849478165900761e-06,
,,,,,,1059.04398853972,,,,,,,1551.38658097247,444.65289959999797,,,2578.26122295433,,,,-695.332876374804,,,1479.4672514608,,,,-349.039306831853,-1478.6866164125001,4324.84702974037,1882.97399016917,2817.8190409804097,-409.63181487774904,,,,,,,,1154.020571508162,,,,,,,1198.80003881107,0.00498404067286682,,,723.544300863904,,,,-1.314823831696746e-05,,,447.6092387785,,,,0.0098436298092542,0.0280607377395578,7062.8248717978,483.63995837781,1749.154762599338,7.94629318552668e-06,
,,,,,,855.8965113548351,,,,,,,1267.5197778687,-616.75190518501,,,1882.21179454309,,,,-1433.02460837368,,,1008.97519864113,,,,-1255.68594400277,-2002.0564626210203,2555.05374921482,1299.29187857145,2433.8652223888603,-1124.81100427572,,,,,,,,821.022499685836,,,,,,,785.57539520427,0.00033320345761275196,,,249.018766034976,,,,-1.443892597105408e-05,,,159.4335258702898,,,,0.01083026161964684,0.0276083496559438,5391.64261073776,148.273387347024,1405.2433479901981,7.08872209597346e-06,
,,,,,,608.997236226885,,,,,,,1630.4721786079801,957.750182612313,,,2836.0735495910203,,,,-2129.08507477186,,,429.86992873688104,,,,-783.482325925124,-2166.86965197098,2643.4609802295104,1463.30132751928,2455.42240193129,-1140.09647033805,,,,,,,,458.120436873168,,,,,,,1337.2516118275778,1.444221573572622,,,1013.3866833718641,,,,-1.418633410862238e-05,,,8.51103619242004,,,,0.00899554925617864,0.0285395876945638,5232.9781311796205,335.724717457468,1317.006394197516,8.6367833010283e-06,
,,,,,,871.332979948524,,,,,,,1587.5160704817902,656.1193628201149,,,2718.03861864321,,,,-1467.79482021736,,,1019.15949542432,,,,-618.647757701499,-1312.11627444086,4872.89222075701,1719.07749041094,2761.37699560788,-345.31160463287705,,,,,,,,844.857795258298,,,,,,,1330.163741117026,0.1032693776254666,,,912.093489804914,,,,-1.5169247920159682e-05,,,157.808175540113,,,,0.01035803975121998,0.024474388363092202,9535.8769162782,411.52281103653,1879.882161444776,9.01411115473936e-06,
,,,,,,580.299887834478,,,,,,,1473.40112985013,323.341703760804,,,2438.60215323895,,,,-2361.3349445285003,,,342.095088415137,,,,-1235.50935115623,-2524.5849293244496,2702.91232171462,1224.0288182383301,2124.9313730296803,-1243.88858198183,,,,,,,,440.676723878064,,,,,,,1133.799253427904,0.000721982025817842,,,646.632740827634,,,,-1.613370582028438e-05,,,3.53889824932378,,,,0.011225025287942761,0.0330730232462794,4285.5892634291395,190.67556332027578,893.7546858019399,9.54665094277862e-06,
,,,,,,390.845001793785,,,,,,,1755.98087500608,931.449184205921,,,3017.82847626013,,,,-3268.09605904174,,,-269.657175361109,,,,-1360.15382568682,-2004.80273176897,2659.65998378833,1201.88477146417,2455.5239976550197,-1059.13001327389,,,,,,,,237.265136672034,,,,,,,1566.1674651275018,1.020964126139484,,,1117.093441886152,,,,-1.873488766177088e-05,,,6.45825254712262e-06,,,,0.011153778753159701,0.0251033553603818,4983.71574286,280.56514873091,1543.897819095168,8.93624113314046e-06,
,,,,,,612.458953389003,,,,,,,1606.90399453758,920.461543389588,,,2800.58851644266,,,,-2089.1579041621503,,,449.84016884628295,,,,-783.6097615743611,-1941.00345923399,4424.33892442272,1460.57423893991,2544.2826502676203,-1040.85578958407,,,,,,,,467.643464874186,,,,,,,1308.8589907800422,1.137661881677676,,,1000.848205009532,,,,-1.44600138660053e-05,,,10.463458520970459,,,,0.0087964920515697,0.0252992322492454,8593.52041969904,332.29459244828,1528.7732576584522,8.88490257377832e-06,
,,,,,,838.814869956583,,,,,,,1913.10806244953,2736.91541626352,,,3809.24805645926,,,,111.973313836962,,,1311.0547295424699,,,,1267.02498525855,-1041.40730063923,4584.57864245752,3031.0723591167903,2377.36540929252,-67.274629441006,,,,,,,,779.522286794056,,,,,,,1879.362464711242,659.1891284881119,,,2623.5769820147,,,,0.01521931677925042,,,522.17264598157,,,,111.55061331060601,0.0224649545250654,7399.56170972844,2269.2310013484202,1366.293967605468,7.95936812954794e-06,
,,,,,,740.154689834919,,,,,,,1459.46911509951,1814.73896024626,,,2820.31187203974,,,,5.33986199373028,,,1139.92009176437,,,,743.516198511668,-1892.81815169304,2585.63761730128,2498.83816027708,1834.26454466299,-938.249552059777,,,,,,,,640.014943863928,,,,,,,1093.5189854645798,148.48337512105158,,,1370.454073333352,,,,-4.3647559448360795e-06,,,413.898153244766,,,,10.93765544600088,0.027385748706610803,5237.89643868166,1458.288088721162,748.873971889086,9.01816393364924e-06,
,,,,,,840.3479999212,,,,,,,1502.64364576233,389.46046944297103,,,2517.00360489586,,,,-1490.85039875326,,,963.462603927484,,,,-771.006241000147,-1652.85875170027,2585.5855078857003,1590.3724428575802,2623.3113829392496,-651.139204280237,,,,,,,,796.60579503329,,,,,,,1162.5171805958062,0.0020505973173062,,,719.91723611336,,,,-1.4952341229792942e-05,,,136.92686369265618,,,,0.01008996487100848,0.0259011612944764,5274.177859919159,321.88460344270595,1589.971899320644,8.995255721722021e-06,
,,,,,,1028.56054310726,,,,,,,1842.26281881843,1583.7167496069699,,,3323.34923401453,,,,-593.8442787019201,,,1436.0567733936,,,,306.043025665628,-1098.34538805385,4269.72612717868,2217.2935822169,3071.59589143961,-45.433241791856304,,,,,,,,1068.022396794218,,,,,,,1683.872717725682,31.9182153919334,,,1529.73597712837,,,,-1.1993451935944199e-05,,,424.86224400573803,,,,0.052273269866518604,0.025197142311764,8834.88215566866,819.821574965098,2066.29862007234,7.565841371463641e-06,
,,,,,,582.050353478901,,,,,,,1494.61815489482,698.384018004592,,,2578.38557855559,,,,-2047.1197350825098,,,429.41713078940205,,,,-880.883694799679,-2230.56484142848,2642.1022882748302,1343.4515031052101,2307.10997250972,-1171.9050037263198,,,,,,,,441.46656956508,,,,,,,1161.44660012036,0.1829754670068862,,,827.333804261924,,,,-1.4006376324969299e-05,,,9.9972365981781,,,,0.00910037795448256,0.028510996672381,4716.4996651685,272.37728862202596,1183.0773822018941,9.5460205834882e-06,
,,,,,,647.987320423836,,,,,,,1501.61686644711,568.685926044769,,,2557.02696839494,,,,-1981.96165540927,,,562.184352377566,,,,-916.866696247803,-2075.46604365431,2667.64249599488,1398.68566060925,2325.4696936422497,-898.450965802434,,,,,,,,532.95602191769,,,,,,,1201.5310945913361,0.0393614644225448,,,788.7770709264,,,,-1.500590972382746e-05,,,26.0490352152142,,,,0.0104926583686645,0.029657136109002398,4508.11677419722,278.435694737944,1179.355854642184,1.026417115173306e-05,
,,,,,,553.19053224501,,,,,,,1600.1707709664602,1001.9461416487501,,,2814.4830884836297,,,,-2064.037240252,,,383.340803505135,,,,-728.542300022515,-1951.62145547666,2665.32004975319,1430.04401000749,2418.8222843988697,-913.755836133579,,,,,,,,415.203028093154,,,,,,,1318.620641295304,2.14294876605708,,,1045.711882211512,,,,-1.427542374655914e-05,,,6.93436064668236,,,,0.0086713649630444,0.0255952430775852,4728.60943196134,350.830542794012,1315.586763629068,9.29634225542964e-06,
,,,,,,830.109833932552,,,,,,,1942.98149085566,1516.99115325115,,,3449.89378974964,,,,-1681.53072412048,,,892.708118839485,,,,-259.362648207642,-1218.81110393935,4553.3239355839205,1975.31478478565,2961.62221737826,-173.595667487089,,,,,,,,755.44109859466,,,,,,,1901.432381568972,21.6296735356536,,,1580.6179518805318,,,,-1.488802468550572e-05,,,100.11835035631519,,,,0.010014353961938399,0.0256403605961334,7314.25199468758,646.375596696294,2040.6841430004201,7.5796421676869196e-06,
,,,,,,647.801992591583,,,,,,,1873.92092907165,1734.65264845717,,,3428.2143778730897,,,,-1795.5260958452,,,596.67900918519,,,,-184.150489851174,-1465.39484990235,4228.56905631356,1820.89663609481,2786.70149200949,-433.300571662802,,,,,,,,519.356454102578,,,,,,,1791.130063827546,55.5154552521482,,,1718.9576127207959,,,,-1.311797626606218e-05,,,33.7492845627652,,,,0.0078694441366316,0.0242685027520406,6964.20444327266,654.2943026556261,1840.092328911448,7.98562327995656e-06,
,,,,,,570.100965944554,,,,,,,1543.52309463119,-465.795670446985,,,2332.95170440287,,,,-3399.61212144592,,,-35.541294611724105,,,,-2166.15678040107,-2150.93388760546,2662.80610495924,996.054568739576,2357.65251013951,-1131.89117133347,,,,,,,,431.042382104832,,,,,,,1198.5202986981,0.00042510495068897,,,439.849200998642,,,,-2.48021069895246e-05,,,-1.569248879283204e-05,,,,0.015073310933625,0.026844041293287997,4790.8657609659,73.6941963018114,1195.5601605338259,8.878323301165799e-06,
,,,,,,888.760955586632,,,,,,,1344.98614830161,-96.1097189986201,,,2143.71403048042,,,,-1359.65518069058,,,1055.4509187281,,,,-956.272830739233,-2071.6557772062097,2703.40204232514,1454.6016539454001,2406.74949895134,-965.1437394168951,,,,,,,,855.770183589468,,,,,,,934.745931157756,0.00036112489381125,,,434.16102175312,,,,-1.458520159297672e-05,,,172.1521552637524,,,,0.01101624885364748,0.030699965434191796,4929.25825016828,228.28169612274198,1193.1317841814619,8.67704600295988e-06,
,,,,,,988.994400055758,,,,,,,1610.5814938369301,376.746542599485,,,2654.79779676518,,,,-1170.47133309496,,,1274.41715366419,,,,-622.938060494959,-1211.36796162689,4256.297142022489,1814.7515146399799,2882.6802974801603,-264.467487746705,,,,,,,,1046.325804067258,,,,,,,1303.801101190516,0.001459434823799118,,,756.1454390710261,,,,-1.518439747190194e-05,,,288.624861191414,,,,0.0110511690765449,0.0249375933324778,6951.56119473006,423.06033857151596,2022.87262444784,7.99538848998694e-06,
,,,,,,846.5349050034,,,,,,,1265.10823404882,57.7156378695752,,,2068.1337623489503,,,,-957.40106272278,,,1106.28444992251,,,,-673.3584537763701,-1999.6129336831102,3969.39991836029,1446.37436471405,2358.90928308747,-975.890647451326,,,,,,,,810.59633545153,,,,,,,823.96412293502,0.000311437980612452,,,434.13653709088004,,,,-1.161846154118304e-05,,,246.261265003486,,,,0.00885013032376928,0.029438107949167,9576.9656272117,263.26840601357,1239.1459193153141,8.67932615948766e-06,
,,,,,,958.645971323089,,,,,,,1489.5079244117399,261.55062012419,,,2443.9171497967,,,,-1193.116554446,,,1190.6686858792,,,,-692.820936712131,-1798.32702385636,4258.44972037968,1668.6211036169,2733.45206131577,-926.736443159121,,,,,,,,940.03791393009,,,,,,,1097.7046788182122,0.000368845594377616,,,620.966596521204,,,,-1.37218284674694e-05,,,232.136631107242,,,,0.00978952800550782,0.027696301998007,7128.36045929014,333.02396453017,1737.68555045199,7.40052540994748e-06,
,,,,,,737.27165213112,,,,,,,2068.85663468504,2441.35886242068,,,3957.87211274608,,,,-1328.49886252955,,,829.694274859748,,,,472.66360481722097,-1090.5942142509998,4610.97367072219,2942.4167653344,2942.41676447435,47.4251286411256,,,,,,,,616.814079421722,,,,,,,2231.56746503962,311.098771629662,,,2529.8822437633,,,,-1.09581701908486e-05,,,101.97970181638,,,,0.754190363721564,0.024455254956596,10141.433105014441,2041.36373116516,2041.3637386039,9.35103531706868e-06,
,,,,,,560.301937537076,,,,,,,1526.89903299596,-183.582555712268,,,2419.7710282897397,,,,-3406.96465282907,,,-59.1083465914157,,,,-2012.78989234428,-2115.18877662342,2623.2400947064,1044.68950615329,2344.80328050316,-1033.8921271275801,,,,,,,,414.850374201512,,,,,,,1235.35644367155,0.000420491947002346,,,566.93288834252,,,,-2.40418047276986e-05,,,-1.2334486579048921e-05,,,,0.01441996624779398,0.0269327570275972,4730.56585335124,99.555651916574,1246.711823254518,1.00988966689862e-05,
,,,,,,631.276039310094,,,,,,,1749.39706758321,1653.33685566899,,,3216.3083147545103,,,,-1545.6699771322599,,,638.170849208032,,,,-104.947267967926,-1617.15743562078,3919.63338626402,2613.59901016706,2613.59901072593,-539.577005269112,,,,,,,,502.78119292802205,,,,,,,1589.33041355061,49.8672140827212,,,1552.4921317148098,,,,-1.120392471935696e-05,,,50.3480257860246,,,,0.00716483873212876,0.025709353196655398,6667.075506588701,1580.576198817476,1580.576199295836,8.493267652859259e-06,
,,,,,,695.670883705551,,,,,,,1765.98137303576,1351.82896109864,,,3151.40441001783,,,,-1813.09157710158,,,664.482633582135,,,,-408.804712072877,-1666.64491437847,3280.60291156317,2530.02180339428,2530.02180340782,-326.05816424859404,,,,,,,,591.1075885704,,,,,,,1650.39583784049,13.4841906626396,,,1374.94599658263,,,,-1.486749877820824e-05,,,45.140655109890396,,,,0.00984459281283126,0.0288570480289638,10265.93152731116,1296.715792315554,1296.715792489808,8.8712442607584e-06,
,,,,,,1000.7889865594899,,,,,,,1815.40750622297,1430.61619258169,,,3240.58600094017,,,,-865.343752403591,,,1340.54519466478,,,,93.70928157245329,-1011.57904087758,4493.79142160212,2976.3948551324597,2976.39485544753,122.123781268205,,,,,,,,1029.676838851522,,,,,,,1705.4162154955982,17.85847983271806,,,1436.996913338356,,,,-1.292222225622704e-05,,,343.51352855373403,,,,0.00923819295346124,0.026192314084263802,7120.76186196612,1927.8365479941779,1927.836548754054,0.0001926747247270052,
,,,,,,906.2076482801859,,,,,,,1559.51613708375,1616.67954355099,,,2911.3594573433297,,,,16.5482801872751,,,1398.85232033139,,,,631.992875069561,-1474.4817827052402,4126.18797446807,2749.0526233981,2007.1075701268599,-530.2641095515839,,,,,,,,891.866210245884,,,,,,,1218.993296618532,57.868977595619796,,,1304.178390698896,,,,-1.709509291215036e-06,,,552.0679887770899,,,,3.02151752519242,0.025564053063474798,6976.94388911962,1751.999246318586,787.232327707706,8.16398931098684e-06,
,,,,,,682.002744436977,,,,,,,1816.97880554521,1590.10278044149,,,3292.8187892570204,,,,-1582.89054117614,,,705.280204767647,,,,-169.368891358451,-1543.97637537389,4137.78784145567,1815.7248703843102,2733.22386099318,-460.957362226672,,,,,,,,568.57411137834,,,,,,,1663.97658319542,34.441000849841004,,,1536.49711201661,,,,-1.2441653889252659e-05,,,63.009195526838205,,,,0.0078157325939417,0.0253497018703034,6758.69481144614,615.8454125178021,1668.907213680844,7.9446066349006e-06,
,,,,,,1039.22991400256,,,,,,,1993.2350626951102,1811.78903858832,,,3630.5191728530303,,,,-718.976538651918,,,1450.40241822743,,,,372.475653547518,-730.129210677807,4853.11785723365,3177.19663936125,3177.19663907561,452.126134161802,,,,,,,,1132.749552461438,,,,,,,2055.5462293957,62.8942039721776,,,1897.922453320082,,,,-1.323435590811642e-05,,,434.739372292358,,,,0.13817311002068342,0.024539110813119998,7481.7678549211605,2317.71005608672,2317.7100577499,0.297671082388898,
,,,,,,320.061392397989,,,,,,,1244.80903202236,-437.401812777819,,,1904.8403749383401,,,,-3323.1302493895896,,,-424.44318224370596,,,,-2108.57945158767,-3270.7746587949,2501.49999965576,600.282260577893,1721.71665261972,-2233.5707373812,,,,,,,,171.451086997153,,,,,,,788.689005626822,0.00034718550491782605,,,288.826600464138,,,,-1.730817138565544e-05,,,-1.97554144774523e-05,,,,0.011271649546149521,0.0327934164273272,3833.9163351634,26.342197173903198,662.540852108212,6.1229485820707405e-06,
,,,,,,626.0588590306189,,,,,,,1656.86266291433,1042.2570483313,,,2907.07540128555,,,,-2166.3226146489,,,450.870055490599,,,,-748.991364008336,-1859.40972868588,3808.87641332851,1509.1604828835,2512.7677357717803,-819.576328344014,,,,,,,,482.535215823674,,,,,,,1431.760333329368,2.64208628319736,,,1111.79003180057,,,,-1.503361367972116e-05,,,9.908270523182159,,,,0.00967422091213436,0.0271715213003428,6543.1042438562,369.6086526669,1463.6923760150419,9.25227413992634e-06,
,,,,,,585.297990535632,,,,,,,1814.4745530108,1677.8548970287,,,3334.2568628695003,,,,-1921.1797467817898,,,478.41746460631003,,,,-272.445623686208,-1602.37569548401,4608.95225053369,1721.65553082148,2672.3408478628203,-530.258015984695,,,,,,,,453.853328575364,,,,,,,1731.838941982654,50.4164537614802,,,1685.13738955951,,,,-1.353919241855226e-05,,,16.618586621810962,,,,0.00785144372819572,0.0242465137925316,10979.04141616874,615.8951790866199,1720.793625724234,8.7846964869965e-06,
,,,,,,956.30583328004,,,,,,,1112.95388207025,-982.687993239492,,,1581.53113121762,,,,-980.914347775382,,,1282.79811304996,,,,-1203.94415146864,-2187.32871223175,1894.73767399154,1288.31522177917,2276.6825319602503,-1098.96918574348,,,,,,,,1021.52044217827,,,,,,,635.28463555536,0.00034473988909151996,,,142.3938516810384,,,,-1.4173117864301001e-05,,,328.236769915106,,,,0.01135674451719096,0.0306189978649094,14449.6996642955,162.33694456855218,1231.7377437057999,8.03773419229206e-06,
,,,,,,704.741927053662,,,,,,,1706.3151401188,747.053127109912,,,2894.35144182652,,,,-2135.28081481035,,,597.6606127569551,,,,-906.953297116787,-1708.0508335114898,3824.62782405524,1574.47125826231,2588.56994252127,-531.948261270971,,,,,,,,608.627457517504,,,,,,,1485.116900606474,0.22264879972401,,,988.638602976136,,,,-1.771623168282908e-05,,,26.824640239145598,,,,0.01135206960257364,0.026943305663470602,12405.661847633359,352.844946923296,1402.6647602548119,8.42712026464272e-06,
,,,,,,452.55566739242397,,,,,,,1252.6865240532602,377.211724995422,,,2155.09380655041,,,,-2367.628215031,,,106.381702665392,,,,-1189.80126697372,-2673.2755336482896,2484.88690100963,996.213298474746,2025.7632210911001,-1786.06920660642,,,,,,,,286.819988977678,,,,,,,852.746117771542,0.0023043250794561204,,,576.7692232113881,,,,-1.305126757795406e-05,,,0.036115047855317196,,,,0.008277600872779761,0.0287825804165022,4327.4025013268,135.8630158101762,1048.14438627106,8.47269231120646e-06,
,,,,,,1008.2999704819699,,,,,,,1702.2362735030601,943.806301258825,,,2947.00277821024,,,,-1059.02561393697,,,1315.14994886141,,,,-265.681443490645,-1196.0749055865401,4396.27348408669,1976.56988520449,2882.3012823370104,-46.593545977614305,,,,,,,,1057.141963927262,,,,,,,1525.671178754932,1.2495327626459038,,,1101.246969015354,,,,-1.4583429316636099e-05,,,310.904301272612,,,,0.01066683091170996,0.0273426250217998,11910.93427221842,575.016385338624,1832.6320878337701,8.84798064623036e-06,
,,,,,,800.479352244633,,,,,,,1549.56075022093,1452.0103452630199,,,2850.63774449887,,,,-470.872545367252,,,1141.0828205428202,,,,303.061355581571,-1796.48204144238,3864.22710964964,2562.37946644256,1845.79377285264,-695.931291600071,,,,,,,,739.433178134152,,,,,,,1223.753552280306,29.630207875496602,,,1209.5674335392762,,,,-7.67510047546626e-06,,,332.06507261935803,,,,0.0728945619763092,0.0282966268087542,6527.54936055104,1413.1797948321541,640.4771579973319,8.82164345983026e-06,
,,,,,,870.127777125805,,,,,,,1975.10372630441,1197.6080182787,,,3408.9350000662103,,,,-2084.02157176168,,,841.630667142146,,,,-637.318744680331,-899.05940572938,4832.45222460957,1936.38307441179,3125.27511732391,-2.53123461063204,,,,,,,,810.612953648416,,,,,,,1954.464099108584,4.41562874605342,,,1433.100273610072,,,,-1.8552778798480622e-05,,,66.74682473868259,,,,0.011991204042138959,0.022501609350278798,7803.96460466052,550.014293373722,2490.77848743282,7.63079984619788e-06,
,,,,,,720.366059230935,,,,,,,1528.1234637140299,1385.57909429825,,,2803.25844477538,,,,-801.0354802092891,,,943.98259891947,,,,107.322322850671,-1885.54446698315,2697.96158599668,2438.91780025651,1722.16134518043,-765.922291375554,,,,,,,,626.634788463188,,,,,,,1210.837999401052,22.9474149262184,,,1171.703993329154,,,,-9.53143594879572e-06,,,198.96243266982262,,,,0.00607682671160782,0.028008759964985197,4796.21532794304,1255.972662654542,552.955171204068,9.34236199882716e-06,
,,,,,,463.37603027777703,,,,,,,1122.1084683597799,643.580767337393,,,2008.2004039294002,,,,-1328.05769760579,,,433.35324281752304,,,,-543.3107930089341,-3024.8064136613298,2441.05505898038,1780.0462801173,1075.42706893063,-1967.5101727797,,,,,,,,307.155406279844,,,,,,,671.94588680164,0.19824894917832242,,,550.348477495404,,,,-7.668919768739841e-06,,,21.012366337997,,,,0.0053998103009214,0.033046950771823805,3712.79090522082,710.166726517224,190.79055485754202,7.581701015622281e-06,
,,,,,,579.1920933296431,,,,,,,1712.69206441715,1260.48610639204,,,3055.36976726082,,,,-2141.94712781396,,,401.09956628149604,,,,-620.2215380097321,-1775.68555695323,2860.60792848169,1552.40520909503,2529.08440300676,-700.7909519309859,,,,,,,,443.65520096651,,,,,,,1540.518328290032,9.0837095402774,,,1296.916966583916,,,,-1.5068748104254999e-05,,,7.4628590099213605,,,,0.0092278467893562,0.025750474208083,10618.532925184081,442.79287213110604,1493.1993680399241,9.0798541353084e-06,
,,,,,,641.021629724969,,,,,,,1664.84268904708,1266.80632218431,,,2973.35174770082,,,,-1652.14862265097,,,623.476571389045,,,,-382.411547799235,-1955.49406795273,3818.34657847673,2500.9042050273397,2500.9042049982,-826.986100060367,,,,,,,,513.625499371676,,,,,,,1406.6372027590578,9.70059389734956,,,1208.243744903526,,,,-1.218821444170668e-05,,,42.9447130256534,,,,0.00789223363242656,0.0277490278026454,6380.04099409362,1332.664253082982,1332.664252978642,8.84606974637704e-06,
,,,,,,936.0181131891691,,,,,,,1600.8998681902399,1258.3902093041902,,,2876.3412255433,,,,-485.76403980363,,,1336.84477614036,,,,186.296813139261,-1485.63295772868,4198.857933805791,2779.02591872113,1957.6538644908198,-460.534597715698,,,,,,,,936.87800292103,,,,,,,1299.821156513006,10.25229005153378,,,1150.166773536958,,,,-1.001458375294534e-05,,,413.116195243172,,,,0.01009147213741736,0.0267214937967966,6980.88645133162,1743.10973551796,651.272008507764,8.34454864014924e-06,
,,,,,,1016.4587121620601,,,,,,,1674.80389416808,1222.6810160437,,,3000.87630622632,,,,-710.444181061605,,,1408.98327259997,,,,60.888002447422,-959.4182975985191,4557.19748929141,2057.97465372548,2989.92615203798,-7.78236996358101,,,,,,,,1069.3382998927361,,,,,,,1488.576374396708,7.9277764351252005,,,1282.09509225346,,,,-1.2372726668815259e-05,,,408.181390254478,,,,0.008257206846030159,0.0232724967389666,9901.08315358292,699.806040989944,2341.4665187641003,9.111348316003539e-06,
,,,,,,832.3225398890149,,,,,,,1406.8160515389202,626.005533197851,,,2401.04707388843,,,,-822.579940962584,,,1104.3148536644,,,,-316.201957765136,-2165.36613179947,2747.96665331066,2357.25295652966,1605.6542821590601,-1010.6733140261599,,,,,,,,771.931643883926,,,,,,,990.385201214672,0.0854193595491224,,,670.021700232704,,,,-1.04962129292359e-05,,,255.30705348732403,,,,0.00788099741184774,0.032273051714767,4959.066559693,1058.682602782186,369.713725827174,8.0322046959197e-06,
,,,,,,876.2978571906281,,,,,,,1644.3059173988902,1379.5951108314598,,,2974.73025542908,,,,-439.91286242759696,,,1276.0333882745,,,,274.821312311313,-1401.08260743748,-111.282207825298,2706.11027544525,1973.3018787513802,-253.25376344606698,,,,,,,,896.565246863684,,,,,,,1359.966036307984,17.636019779768382,,,1250.479019630696,,,,-9.62873609901604e-06,,,413.282699279672,,,,0.040402105258341196,0.025119896143678398,12160.67320648078,1560.8093263470619,690.92402625615,8.1102147551706e-06,
,,,,,,735.51717397921,,,,,,,1702.65793059763,1072.33900230468,,,2987.0267828835,,,,-1757.40036674376,,,740.441712968504,,,,-540.7611143527599,-1493.06919549118,4047.2192557781304,1697.9201222083,2725.11331944937,-490.066831235869,,,,,,,,640.737061682548,,,,,,,1490.07763788625,2.9781302201938202,,,1171.13180366149,,,,-1.4753708775059581e-05,,,62.4895469623196,,,,0.0094137814553463,0.0246422715655422,6827.70444546114,455.773664836372,1742.783201679904,8.47628640569358e-06,
,,,,,,625.267845317307,,,,,,,1602.63310874231,988.9389252594871,,,2798.87979883353,,,,-1801.0964373970498,,,556.021420501614,,,,-610.407788384749,-2105.1592494066,2051.7105776263297,1507.9908057176501,2455.55382632265,-1085.14232826459,,,,,,,,488.258379077606,,,,,,,1279.996519911384,1.860147747170496,,,991.681526352324,,,,-1.2751407926827781e-05,,,26.8651075773468,,,,0.00826847790112334,0.027823809630490002,4149.72680360504,363.478973576576,1297.801240374812,8.50474721983704e-06,
,,,,,,462.248763932511,,,,,,,1601.01346283814,727.843277209721,,,2731.0440669528302,,,,-2606.09128561953,,,79.5098651160515,,,,-1149.0981862933202,-2172.03764720757,2583.74679312012,1232.3528441518401,2417.04398431584,-1317.9287114709698,,,,,,,,308.212011975524,,,,,,,1275.7126838803158,0.202169249905262,,,882.367128807458,,,,-1.5349958120797417e-05,,,0.01070225371219244,,,,0.009421860985145759,0.0255822891131554,5024.80866170318,252.11757584838202,1437.3413573273658,8.62174934007302e-06,
,,,,,,559.2713182817109,,,,,,,1556.33583048938,923.003824362724,,,2716.52176620601,,,,-1855.3091969342702,,,462.56690781988004,,,,-672.222301291299,-2287.29198412681,2692.9059321888503,2257.9551991429,1418.1438250214999,-1094.3262556920502,,,,,,,,428.43396560777404,,,,,,,1240.53078561547,1.260773982587108,,,942.6256786791321,,,,-1.2834221463152219e-05,,,16.4754239873569,,,,0.008623969490186201,0.0296994631565528,4371.27997916618,1054.870186124756,341.51273880022,9.516427447415059e-06,
,,,,,,716.8629683887791,,,,,,,1805.90167320731,1857.4165374283,,,3361.98426193685,,,,-1161.45048899178,,,856.3319487466599,,,,197.19991875440198,-1376.42843939389,4258.33417023742,2839.47348824319,2839.4734874689198,-450.627340139992,,,,,,,,606.889581099574,,,,,,,1664.871048055888,92.4266639190634,,,1739.0545464822999,,,,-1.006654418094904e-05,,,130.22561228458298,,,,0.01229609471924186,0.0237284305179956,7188.60205148712,2028.06219084688,2028.06219048392,8.12945180871966e-06,
,,,,,,383.916791721371,,,,,,,1895.8277068832501,1863.93803725397,,,3493.50997259024,,,,-2528.55547120224,,,-36.689120288124194,,,,-463.693166028093,-2021.4273585360202,394.01017668543295,2481.54732664864,2481.54732643115,-915.629956826242,,,,,,,,231.175584947382,,,,,,,1815.785394419862,82.602124291667,,,1801.820466721258,,,,-1.372969207517976e-05,,,-0.00011531468434804881,,,,0.007638892341788161,0.025888860607205,6569.49311341132,1489.598403668958,1489.598403510064,7.975128453477561e-06,
,,,,,,722.585820674127,,,,,,,1521.66381042523,-429.96630357305696,,,2279.13303584372,,,,-2689.4366048382003,,,458.791471737341,,,,-1794.80443184794,-2145.66124802719,2793.48990186028,1200.77478684451,2290.75937258911,-834.402806325017,,,,,,,,626.813788485142,,,,,,,1183.985013326654,0.00047074324100392003,,,403.224265718052,,,,-2.19689769911598e-05,,,7.41632037733264,,,,0.01583924691853186,0.0324445627341126,4554.92177882774,113.6865771350142,965.895059822138,9.1295677975124e-06,
,,,,,,879.8609027758561,,,,,,,1463.33231768972,731.139043198605,,,2529.1759027338003,,,,-837.939752913053,,,1170.1831327534699,,,,-268.564270114784,-1751.48796843542,4884.94837102803,1703.93741807939,2588.84625600001,-751.327425170864,,,,,,,,842.356331756378,,,,,,,1088.019565020232,0.2607846521542,,,787.880834262954,,,,-1.1163185584641479e-05,,,278.37218302664,,,,0.00793858375096078,0.0279388591477152,11639.17683081152,428.28775792058997,1479.822755972094,8.553781461296661e-06,
,,,,,,656.998325312224,,,,,,,1587.26211307357,951.359056875564,,,2767.0937753671,,,,-1738.14513747038,,,615.6905466095969,,,,-597.606578561832,-2022.9834963144801,3819.2282980232003,1525.73599567037,2498.1787463696896,-1050.7510163173802,,,,,,,,523.914574173664,,,,,,,1261.5859304653961,1.4563832434772959,,,966.656483981346,,,,-1.27248306001674e-05,,,37.0166084822504,,,,0.0084284470996032,0.0275161688237476,6461.33989243628,360.844654523936,1386.154979314204,8.6269839157231e-06,
,,,,,,768.363898540672,,,,,,,1731.4161513233698,1580.5504336138501,,,3167.14576971215,,,,-1110.28890831176,,,945.441679165476,,,,61.7515542536924,-1446.50378028927,2623.7597750816303,2758.5371708632497,2758.53717084506,-439.108565615893,,,,,,,,684.653464697784,,,,,,,1545.8460928558839,38.323040364659406,,,1479.931683533058,,,,-1.110266716605304e-05,,,164.3731362679818,,,,0.0070720230942137,0.0251254404793844,5331.65212456286,1786.188752760072,1786.188752767378,8.42470642584676e-06,
,,,,,,904.2227750863419,,,,,,,1546.65101491899,458.08848262590703,,,2585.63599235965,,,,-1020.5000640155799,,,1194.41122362136,,,,-501.42465617350894,-1475.25024591585,4013.6551146961106,1740.58476086874,2723.41624909035,-487.734371930039,,,,,,,,931.0218220742021,,,,,,,1187.470827447372,0.00626385201617916,,,743.29307529251,,,,-1.345403723648244e-05,,,284.380471115388,,,,0.00935051268335696,0.0250988938617366,7000.13453044172,413.09086353027203,1750.8651317719439,8.056195993110239e-06,
,,,,,,457.615653221011,,,,,,,1522.01849463541,1061.55422134222,,,2710.9777416981096,,,,-2119.01846700425,,,214.62226196265,,,,-717.705280410967,-2387.1202873008797,2630.36431571578,1295.0145864963101,2227.6302278614703,-1354.68067143046,,,,,,,,302.176195176948,,,,,,,1196.9867760011641,3.65993810834656,,,1005.3255823556659,,,,-1.202999935630972e-05,,,0.792895603105768,,,,0.0075789850768174395,0.0283324883423946,4616.38614824766,320.26222956507,1159.1684903939781,9.49557065545082e-06,
,,,,,,860.470707094004,,,,,,,1720.125350309,1168.54681851669,,,3031.9398510975197,,,,-1299.1827082018901,,,1035.38917160844,,,,-263.649573713923,-1354.14254575133,4226.22975404934,1872.02405754766,2816.8285998557,-304.678628881629,,,,,,,,812.637535859692,,,,,,,1520.27380541708,5.23886557673288,,,1217.703315094614,,,,-1.33453244302534e-05,,,174.5386063586898,,,,0.00918070307624368,0.025838798537595402,6966.75905833124,550.7452343348181,1807.347557681456,8.3621394180026e-06,
,,,,,,519.161755547127,,,,,,,1478.49614285906,375.68402318780295,,,2467.56198112045,,,,-2607.2041324984602,,,151.772866424631,,,,-1327.9752187745798,-2465.70525601789,2674.46610435449,1153.17010498141,2180.76480735056,-1366.52235213339,,,,,,,,366.23924087294404,,,,,,,1134.235621031338,0.001659469437969722,,,681.331567599494,,,,-1.684976798367828e-05,,,0.1258864259332132,,,,0.01076950051934928,0.0297243001116696,4432.65062487062,176.1365177999474,1030.513165172108,9.20871585929596e-06,
,,,,,,813.929878924606,,,,,,,1577.13679500964,355.391505281393,,,2599.02833502383,,,,-1848.6527940650399,,,818.607328109271,,,,-969.893878646936,-1621.56142024001,4015.77476915488,1551.8770974115,2679.95185949595,-704.37059894829,,,,,,,,740.840535060268,,,,,,,1250.954084113852,0.0010464443962430899,,,722.34888328556,,,,-1.674279187197242e-05,,,71.9744467976166,,,,0.0111855566427911,0.025630029239304,6778.17661202884,284.770331555744,1653.1818895766319,8.431498684591e-06,
,,,,,,487.00068451323096,,,,,,,1076.95094667477,744.325116848097,,,1962.80685654795,,,,-987.030760080088,,,533.8943757368299,,,,-321.755296223196,-3116.48904317166,2498.5654284539696,1802.07180835646,1106.43756309356,-2168.6651844717703,,,,,,,,323.208911899852,,,,,,,595.444783064144,0.649058583023288,,,539.578407188552,,,,-7.8848054758938e-06,,,48.4227853234396,,,,0.00396541047565764,0.0312912396800948,4147.3063986791,711.56538553908,202.731083310744,5.90218279728626e-06,
,,,,,,620.354535437455,,,,,,,1442.60564681526,-1164.76197375728,,,2003.5832691571,,,,-3604.9781600155598,,,5.87063389466711,,,,-2626.6631255706598,-2313.63154084668,885.857742154556,853.210736842345,2228.71250570434,-1100.4547541315198,,,,,,,,501.640533988354,,,,,,,1080.56551694831,0.000499042639438182,,,237.73208133750202,,,,-2.7648839906385e-05,,,-1.972763772924556e-05,,,,0.0181685018862758,0.030330257696851198,9574.6379867313,29.5736610038184,1020.2605505334199,9.65687614694796e-06,
,,,,,,526.106933062461,,,,,,,1387.1265169165301,776.345599988941,,,2434.7365938777502,,,,-1818.1950730077701,,,401.307371857919,,,,-721.9715641995759,-2317.10872239007,2634.7399264349297,2161.2252250739703,2161.22522512596,-1302.0228701967899,,,,,,,,372.950943958038,,,,,,,1005.1246937407179,0.48034873884792,,,773.5919556095639,,,,-1.115447805837956e-05,,,9.691517940995519,,,,0.0076295541615341396,0.028645642663640402,4473.03715718962,1065.26850445318,1065.2685047390999,9.58841213274572e-06,
,,,,,,1013.2706413248101,,,,,,,1428.78624125736,1429.13367372687,,,2654.75094604222,,,,513.604975686066,,,1672.98660930294,,,,783.102928280477,-1661.07644553014,1850.29411312106,2630.26510271787,2022.4248526511199,-569.640502393057,,,,,,,,1076.214011576668,,,,,,,1031.14691820905,33.587833970264604,,,1065.65170972099,,,,6.37907361470688,,,869.7787922866979,,,,8.656765526599859,0.0302793775310932,7875.24485494704,1460.670202016112,835.682928446616,8.274026822445599e-06,
,,,,,,798.9527671949,,,,,,,1743.4331654678801,1970.04940849111,,,3307.07067798179,,,,-605.192912636036,,,1100.78257113652,,,,536.284812458118,-1276.4573411195802,4214.87845892459,2841.1777199531703,2042.99898253266,-315.933667437383,,,,,,,,724.797111918846,,,,,,,1589.0505257949442,146.15947109098178,,,1804.7916203579239,,,,-8.96766220391256e-06,,,284.09719209322,,,,1.4570787454021918,0.0235647008642746,7144.58475357596,1988.113447333366,862.9858290742341,8.60470126653578e-06,
,,,,,,471.308333303231,,,,,,,1372.92595416998,-366.004379870506,,,2131.47337032885,,,,-3274.10576508532,,,-150.463040709401,,,,-2044.3100725290901,-2465.7736484715,2585.9417841311,851.5764372929419,2109.06395352534,-1465.6809021834301,,,,,,,,316.279433181668,,,,,,,988.6107618754099,0.0003929997089046,,,398.73879794701,,,,-2.07765442046606e-05,,,1.91159403397528e-06,,,,0.01317444829708714,0.0284760832522024,4363.594215989439,58.1532739563186,1033.5107719903401,9.28640568411184e-06,
,,,,,,695.7793302698681,,,,,,,1487.99295078166,96.7250082763579,,,2414.4760471015697,,,,-2239.64260942791,,,561.862816152275,,,,-1295.69737356665,-1832.07867235877,2594.28078030591,1330.56990233031,2480.32818349316,-864.6583927343629,,,,,,,,592.0915527759239,,,,,,,1152.190874360952,0.000380320307752774,,,598.8539123623841,,,,-1.7605703001257178e-05,,,20.9253569318596,,,,0.01198746739254162,0.0266141354838672,4999.74481368164,199.2109446914424,1463.369935138018,9.4899901255263e-06,
,,,,,,882.822894381661,,,,,,,1712.99393281723,-490.984191336585,,,2550.04992151538,,,,-2967.27652620101,,,587.003488060687,,,,-1967.61989604254,-1507.3379924555,4333.18808152478,1405.39467146051,2816.90055715102,-482.888948713881,,,,,,,,836.91733849538,,,,,,,1462.022109159372,0.0004925522290030461,,,508.860517814246,,,,-2.6593460378276e-05,,,12.71741354233028,,,,0.01751171951281312,0.0267165542235628,6999.06673363838,146.5624033504782,1726.968522616976,7.88411554750648e-06,
,,,,,,729.317161210653,,,,,,,1587.7065410119499,1241.80771744273,,,2861.6919070488,,,,-1329.91839812277,,,829.346574554341,,,,-227.678268183711,-1541.40947202844,3864.66810562015,1688.82935486902,2607.79125755626,-585.50989939009,,,,,,,,619.620541669996,,,,,,,1330.98168519929,10.0025429493662,,,1173.567056119388,,,,-1.116777808024078e-05,,,106.4330839312492,,,,0.00761617961197624,0.0254938439771276,6780.45398802386,489.963163028956,1634.889264601634,9.03465870832208e-06,
,,,,,,287.86932221869597,,,,,,,1625.01633539466,2052.62644773725,,,3140.72699017068,,,,-1634.39655114919,,,73.7521530699364,,,,98.55566335454489,-2631.86466114607,2662.68707274182,2063.49908578216,1414.08910620981,-1513.5848597870302,,,,,,,,147.498977111718,,,,,,,1360.483085422356,221.476901442104,,,1695.004547700092,,,,-6.26930529594978e-06,,,0.0221527533121482,,,,0.00415286530619844,0.0295514274239278,4298.852251112239,1080.739650317738,616.9273709070941,9.694488687351181e-06,
,,,,,,670.52409426481,,,,,,,1382.42489113846,1203.0760415150298,,,2544.67686020071,,,,-821.447067728958,,,861.853108231301,,,,4.00730906022096,-1961.12976915668,2539.16938785509,2410.5287888737,1559.7042444761,-1070.45940768791,,,,,,,,549.7308705252481,,,,,,,1003.3704489222941,11.8054664515937,,,984.7265365189301,,,,-8.647531635701381e-06,,,164.7371390682092,,,,0.00508268095922138,0.025865837108946802,5033.03924268406,1444.7212375037518,450.744834867888,9.609502714049261e-06,
,,,,,,971.5388072906151,,,,,,,1504.24684254824,566.552022778941,,,2549.76677685988,,,,-906.053670629599,,,1286.15179864605,,,,-389.913332125705,-1573.47535237372,4238.36284742651,1771.56684760325,2775.48111034704,-690.447405461219,,,,,,,,969.347888952364,,,,,,,1144.06829132581,0.0352692943448262,,,756.0568345540239,,,,-1.224785757361142e-05,,,312.844452886422,,,,0.008924724678390039,0.027006064243668002,7186.8602142532,430.76474646733396,1850.0738979201421,8.19568524887808e-06,
,,,,,,1133.80665785714,,,,,,,1425.87747595723,1260.0648304291599,,,2611.65989275483,,,,603.146825450186,,,1868.37470775793,,,,738.495030587353,-1437.87894280592,4365.28926228319,2826.6469237135802,2095.59432540414,-475.978281342605,,,,,,,,1263.6126677635739,,,,,,,1019.869578842944,14.103882310209219,,,991.34560304228,,,,9.73030896775014,,,1008.891127398144,,,,5.46567962428926,0.0274293828835528,7255.00508785622,1895.169863664152,867.274792924192,7.860984096552421e-06,
,,,,,,740.7740934753069,,,,,,,1597.48185225998,740.8262137526231,,,2733.39297155193,,,,-1823.23992697848,,,723.995043850296,,,,-749.4743545702889,-1881.25641350956,2451.96538559145,1566.0416891356701,2510.7351417415,-753.088026797899,,,,,,,,638.076628564598,,,,,,,1322.150193353808,0.24452390234510196,,,905.9424742036341,,,,-1.487401334473956e-05,,,54.7063953257708,,,,0.01028916163934586,0.02909436063017,11419.27917130378,344.95765688073,1335.673206714322,9.15048872137776e-06,
,,,,,,899.581436505528,,,,,,,1892.62028771609,1313.12253417345,,,3332.79079133797,,,,-1610.91655167305,,,1020.2942327707101,,,,-337.272906220868,-911.563693186563,4531.1907007215605,1999.15149296052,3029.53404774397,96.8432882223003,,,,,,,,874.4744208042599,,,,,,,1862.0171138302298,9.29003429598064,,,1473.081178016648,,,,-1.6222237119608062e-05,,,143.8562754756518,,,,0.0109176994115517,0.0233681826312152,7451.01209938502,628.23325622888,2269.70590912316,5.5658464134117e-05,
,,,,,,955.650672797722,,,,,,,1722.7362886249,387.609447824705,,,2800.05906369328,,,,-1500.71986935406,,,1132.19651217948,,,,-785.305027127067,-1342.0332419882,4543.05373808423,1805.13402956477,2950.44606415917,-433.401645491157,,,,,,,,973.519133936394,,,,,,,1414.217344204136,0.001504493235285178,,,792.0311141969561,,,,-1.681520787617968e-05,,,190.4220779361122,,,,0.0113117699141218,0.024675411040491,11849.32960160374,387.85664043881,2005.3130118394197,7.03048536826428e-06,
,,,,,,852.372624164634,,,,,,,2083.70578704336,1807.65256733411,,,3762.59238802377,,,,-1529.708855721,,,982.468297632396,,,,-29.5816990599683,-742.288279882212,4856.87756809466,2168.5136542233,3198.7221381938502,253.024195749398,,,,,,,,820.9124203314781,,,,,,,2162.3955311035597,54.5014982965708,,,1951.338104900146,,,,-1.525045353620026e-05,,,143.792234697394,,,,0.00939460730757408,0.021193623214204798,7608.7217530916,839.287333355764,2545.9249334654996,0.01550998927419146,
,,,,,,666.41614353126,,,,,,,1529.4183084786598,106.547990339563,,,2461.06039554476,,,,-2481.6421631795097,,,420.695990418323,,,,-1413.00189554403,-2010.94244411351,3115.8965452572,1279.68395351153,2474.59477822609,-1062.68221060262,,,,,,,,533.7033696945141,,,,,,,1173.00173515579,0.00036872449921364196,,,597.439423644162,,,,-1.807962808057062e-05,,,6.057297815544221,,,,0.011831726510226,0.027361926798868803,9912.42041935594,173.938366395194,1369.566962371384,8.5049016544646e-06,
,,,,,,454.343361856561,,,,,,,1844.45131276799,924.892151882721,,,3148.08035521499,,,,-3591.2345630162,,,-308.019222137707,,,,-1510.3959080687398,-1887.96998042214,2735.48202721876,1253.11195085807,2456.7554397232398,-755.197572615091,,,,,,,,293.94512127891596,,,,,,,1776.54655144124,0.904139234659882,,,1203.575617495378,,,,-2.2310866967928798e-05,,,-1.356600672000406e-05,,,,0.013447848086483001,0.0266625758409838,4985.80346611334,274.024777097906,1476.028242845424,8.342994984432601e-06,
,,,,,,1038.01919147456,,,,,,,1630.5491788939298,719.9516436282199,,,2763.90705256908,,,,-702.902281816284,,,1450.77079753203,,,,-211.70797712950102,-1287.01412240978,4359.257167931761,1958.91731101812,2867.34952002297,-191.601681893262,,,,,,,,1126.018888621596,,,,,,,1332.080759702764,0.1811487091966038,,,886.847066966614,,,,-1.30078907665043e-05,,,436.51830089572803,,,,0.00974484850562546,0.0273590248368248,7069.52794305816,552.757907336844,1790.82696331638,7.89609872734266e-06,
,,,,,,624.919269443295,,,,,,,1527.20174277578,1460.90819471333,,,2822.9241467554602,,,,-948.0979279799831,,,770.57293290743,,,,76.3593179271111,-2100.67670822974,2609.48183495446,2417.10659427617,1639.83845747822,-1078.98600556017,,,,,,,,500.187098592672,,,,,,,1183.24923665365,32.110806323815,,,1202.945680633746,,,,-9.16928128582062e-06,,,124.7528194335092,,,,0.0051170405978975195,0.0273025165562428,4922.90728646484,1304.335412523822,528.414148056514,9.067785359823159e-06,
,,,,,,267.870586134057,,,,,,,1498.54574290531,-515.1612189898141,,,2243.64545658214,,,,-4309.79488466301,,,-868.29840239794,,,,-2644.60090355349,-2766.6055242829902,2610.03498695595,554.46538832281,1980.0595282955699,-1719.88019744396,,,,,,,,134.71187572990982,,,,,,,1129.054969417588,0.000425833768621816,,,389.45797989796,,,,-2.48261046537422e-05,,,3.3898608491556598e-06,,,,0.015054037830260339,0.0288063692378094,4001.90806405502,25.2445887545224,932.6309301611179,8.41328642345948e-06,
,,,,,,499.64576514855304,,,,,,,1803.30438632831,1989.03798340304,,,3375.33081919963,,,,-1381.60281259364,,,474.804922272573,,,,151.077015097713,-1964.64147193709,2125.63203091754,2562.7040937485003,1726.9351510185,-985.051282203679,,,,,,,,348.625488551766,,,,,,,1541.5648747828159,130.7389556727636,,,1688.31904551044,,,,-8.5078626204947e-06,,,25.8711801348548,,,,0.00681104389776752,0.025036564065672,15136.40511867584,1401.4821161759241,678.801797095726,7.619125971094661e-06,
,,,,,,1104.12220739096,,,,,,,1166.0011789346302,-428.474016484539,,,1785.03700469993,,,,-116.715596172403,,,1685.32321289901,,,,-481.083397197343,-1719.0110032023101,4020.55560817357,1593.08050435259,2590.46198232117,-864.260015134652,,,,,,,,1250.366093726718,,,,,,,668.5442227958181,0.000300388707513518,,,243.68519213238397,,,,-1.031707728163234e-05,,,697.930381169954,,,,0.00860998640672686,0.028175522029676,7148.1080761466,364.75264786644203,1765.4187789990322,7.00898237009618e-06,
,,,,,,699.632653832033,,,,,,,1718.6740320944,457.51835871853103,,,2820.23841971934,,,,-2351.3591924861903,,,534.812824126132,,,,-1171.6641746233402,-1721.63785114809,4084.65878855599,1501.36560032795,2696.7358685312697,-736.3513310848169,,,,,,,,595.021129246752,,,,,,,1437.829127657064,0.00509164295088262,,,834.873688811186,,,,-1.843201945027298e-05,,,16.371285786818,,,,0.01177546835572924,0.0257218801069512,6754.86226107396,285.904515957432,1625.782242845142,7.94008984845252e-06,
,,,,,,1199.0607354639699,,,,,,,1927.9767204971502,2356.46601562162,,,3709.08949056918,,,,636.438747201151,,,1983.40568251044,,,,1321.56528941071,-365.905492584875,5156.201556195821,3353.32595755421,2675.40862092702,637.278176147114,,,,,,,,1421.8089219288158,,,,,,,1900.556853499192,301.173796802,,,2284.8921301435003,,,,11.105642730161781,,,1119.324162377382,,,,72.9809398265176,0.021269262115383998,8056.005434414301,2942.23303977382,1514.7357808857041,1.513279971258706,
,,,,,,982.2501811622631,,,,,,,1621.97285525908,1038.60016244259,,,2845.3502408496,,,,-683.1275127277449,,,1356.21810623238,,,,-31.6075848175908,-1390.46296849194,4288.12929166841,1951.1175171616999,2837.41397732914,-380.67159444307003,,,,,,,,1003.396176336426,,,,,,,1332.859665442642,2.6124834385930202,,,1047.9638678382419,,,,-1.180279765817984e-05,,,381.148270753112,,,,0.00821285259589276,0.0265650940556248,7016.395517258899,590.645824566996,1816.547341727784,8.20414622151858e-06,
,,,,,,696.522413049657,,,,,,,1453.02873943777,684.717950696497,,,2506.66930124633,,,,-1571.8840594832,,,712.284082698284,,,,-653.571494256717,-2208.52958638159,3670.28957015895,1456.77841893557,2370.44769963629,-1179.46247735999,,,,,,,,571.0665616563,,,,,,,1080.297677619996,0.163829197458494,,,773.110512209454,,,,-1.2202592073547519e-05,,,60.6592950701252,,,,0.00835213900921262,0.0291043020185804,6302.36228991558,299.231420986854,1200.39061221205,8.56959188169882e-06,
,,,,,,710.883743055374,,,,,,,1357.7748783212899,105.833657321356,,,2240.82639501079,,,,-1918.75285775402,,,659.885855809112,,,,-1125.6441446839601,-2025.22549719438,2554.75204016806,1303.87054369078,2385.77965650216,-1067.94020756709,,,,,,,,601.13458042964,,,,,,,977.5917866853761,0.00033806791454255004,,,544.542940787238,,,,-1.511649049545544e-05,,,40.624528231574196,,,,0.01025111751025712,0.027351107436499402,4986.41290590792,193.3206677516248,1366.8640568130158,9.700912236247621e-06,
,,,,,,645.870814479959,,,,,,,1363.37626591729,-943.5698808817469,,,1934.2804997488402,,,,-3002.17952600633,,,251.87380015265097,,,,-2211.99392601996,-2423.1114298583498,2667.90827600593,934.717131426995,2139.12908734442,-1218.4025498102899,,,,,,,,529.334577937004,,,,,,,965.43530632312,0.000462567577747914,,,233.37025461753,,,,-2.28036765498412e-05,,,0.6955641153844221,,,,0.0161600588685327,0.0321782702606028,4288.821982424241,45.5810956756772,912.3836431108,9.22662108643294e-06,
,,,,,,408.74185844358203,,,,,,,1765.92988747454,-250.34419975411697,,,2694.41922176224,,,,-4503.16962229128,,,-724.2253134583369,,,,-2603.97515255589,-2026.0097918508602,2719.07508875163,848.3124082032381,2425.6900947091303,-995.174860908368,,,,,,,,256.56175560657204,,,,,,,1557.746853736812,0.00048744319565217003,,,619.01287777724,,,,-2.9913409808668997e-05,,,1.2608802941842639e-08,,,,0.017548536849234058,0.0254256592440414,4828.64175359616,68.1119955923572,1364.050864034492,8.32620741861276e-06,
,,,,,,704.517417683962,,,,,,,1498.3191413009201,1019.57213197935,,,2671.5761470013103,,,,-1255.84518330344,,,825.1625023425199,,,,-316.988971025369,-2003.5243577650701,2615.05944855742,2431.28418333669,1596.8883660665701,-897.526377022947,,,,,,,,605.9147998473001,,,,,,,1185.18682980985,2.9377301804548197,,,990.813107205234,,,,-1.093182217584552e-05,,,117.4316073770614,,,,0.00751246768257538,0.0285260090093672,4831.801578505359,1322.6963162223778,428.067990713644,9.85624815375668e-06,
,,,,,,859.690895416951,,,,,,,1884.34819768062,2191.35997378737,,,3585.53807884259,,,,-481.968936568686,,,1224.78521319087,,,,709.247310006426,-952.514854018383,4472.8861323253095,2996.45569024572,2226.37028095041,41.1114121354871,,,,,,,,819.377924726854,,,,,,,1833.625735663256,215.551917573534,,,2088.39366928654,,,,-8.73613649560978e-06,,,364.11454094264,,,,5.463107367389,0.022995675895871,7391.17444460336,2207.05870901034,1036.0205064497482,8.7634695428519e-06,
,,,,,,1232.44538123489,,,,,,,1930.70995660413,1397.5491398802499,,,3398.72755925718,,,,-339.335342624088,,,1818.98207112855,,,,323.206781783404,-409.899654239324,5242.82001744671,2446.01357271769,3381.1319881181403,597.855804851871,,,,,,,,1469.197760089364,,,,,,,1868.106681092486,12.8616025441205,,,1499.189421679594,,,,-1.30515993552615e-05,,,706.835602205372,,,,0.058340850725071405,0.023017273020984,8015.0446566951405,956.3342937725901,2876.8904140559803,1.0237990335589482,
,,,,,,1265.9163177429,,,,,,,1398.94275915503,757.4438006098791,,,2451.26447450356,,,,407.452093209342,,,2013.7665121004402,,,,374.842389162171,-1250.51904066624,4594.81671161751,2084.71867245047,2944.42076232201,-288.260838907349,,,,,,,,1478.651835415004,,,,,,,1005.2840694981439,0.383112022160486,,,776.8081063439099,,,,1.454600030458866,,,1011.785806299996,,,,0.1437801611464066,0.0272471057777372,7532.56485621708,773.655686094352,2130.7038529827,8.1702006019805e-06,
,,,,,,978.9004757313769,,,,,,,1378.24629118444,-203.36475384910298,,,2181.64361139107,,,,-1197.53021422846,,,1242.0009915950102,,,,-929.3366590630781,-1743.3744737234301,3364.5073355019003,1565.10050798207,2640.0474443850103,-771.946080662863,,,,,,,,1012.598170692426,,,,,,,966.11658885442,0.000345588878230272,,,442.214096988346,,,,-1.4980662227493361e-05,,,265.086687411778,,,,0.01079595101711698,0.0272729595465392,11457.959172857381,272.372470282008,1676.8901958874221,8.432367848211479e-06,
,,,,,,603.473950995005,,,,,,,1717.83787784433,1697.50676941004,,,3186.3690413265704,,,,-1519.09894452083,,,598.295909197855,,,,-61.8799940141701,-1746.10020701771,954.498496183291,2598.8966838616298,1718.42305257008,-729.387814315075,,,,,,,,466.037700495968,,,,,,,1537.330908840768,61.9886912000738,,,1571.721788824176,,,,-1.061964689838322e-05,,,42.6573832557434,,,,0.00645988321923416,0.0250952304999558,10534.552234675379,1605.010325862262,609.963624097978,8.9215453453516e-06,
,,,,,,579.889384714773,,,,,,,1754.2679123758,1848.16472087212,,,3273.97229548158,,,,-1473.2055522390901,,,566.690072342489,,,,45.9139318305989,-1794.25067467594,4053.95377927141,2633.43489183626,2633.43489167268,-881.0955241867971,,,,,,,,423.95331960006,,,,,,,1547.75105372871,95.57225155973221,,,1644.515814148192,,,,-9.137713175575701e-06,,,36.5863824172782,,,,0.00570105608859224,0.025530704461727,6884.611990586241,1705.5560457628,1705.556046165478,8.42885320409868e-06,
,,,,,,612.5447590390321,,,,,,,1451.4223404417298,350.811958565595,,,2429.64498516523,,,,-2206.10093280128,,,443.543601585284,,,,-1141.79535535064,-1971.58019356412,2618.28730752792,1278.5294180056098,2320.41160215014,-923.580741409405,,,,,,,,484.27222997997,,,,,,,1120.383926787066,0.001133803745009334,,,673.1149027622661,,,,-1.574123754347736e-05,,,10.15915765279422,,,,0.010816667377500979,0.0277449678149322,4654.81425912978,213.242679191624,1251.701434807276,1.0143455895433559e-05,
,,,,,,685.5993511750979,,,,,,,1506.6562099584899,1032.59800104005,,,2685.27976297423,,,,-1326.70095063116,,,778.288601836281,,,,-345.345093927911,-1732.19228181383,3726.55780822727,1577.7784313923999,2519.0749703708198,-790.039969116899,,,,,,,,574.9572632534899,,,,,,,1186.012550288388,3.13074961727474,,,994.8180673303581,,,,-1.069643739412276e-05,,,97.685491371535,,,,0.00737996432329488,0.0257229149988768,6631.989912967861,418.014096881072,1551.556076712224,9.4451001061626e-06,
,,,,,,600.991576929336,,,,,,,1762.2214324679398,1329.46956087075,,,3132.62264463248,,,,-2116.24058807469,,,421.662374394917,,,,-574.394704071982,-1881.56102818978,4037.9145587755597,1595.57905732938,2609.22740949877,-899.9919351329539,,,,,,,,451.30684873709197,,,,,,,1554.3732794599362,11.45582208325516,,,1313.041425995306,,,,-1.425985218734062e-05,,,8.1229264618791,,,,0.00858698586583132,0.026117854318877202,6670.39557321556,450.803543919374,1541.1649915106261,8.361769259875441e-06,
,,,,,,1200.5930908056498,,,,,,,1051.0851389745599,-226.07967828168398,,,1681.24585499465,,,,493.166413660817,,,1958.30770385928,,,,-58.6857987399856,-1979.4050268524,3117.2927438422,2452.1363459907902,1668.9324342862099,-885.077428892429,,,,,,,,1433.411369010426,,,,,,,569.248055402026,0.00028409335151605603,,,251.838658243234,,,,3.7953559268585604,,,1054.833467947476,,,,0.00719970249194184,0.0324688745284076,12428.24712420012,1454.069524771048,533.975562954226,7.8011976827985e-06,
,,,,,,975.8072737252161,,,,,,,1553.20205186931,-372.688328465252,,,2392.23458440151,,,,-2056.7877322261097,,,1017.0956505318101,,,,-1448.60482095792,-1297.12242089303,4132.76943831501,1554.08500733671,2789.76625913972,-279.751870540641,,,,,,,,1014.2432141520941,,,,,,,1262.615295349516,0.00045096913431667796,,,501.869312361526,,,,-2.20733729006422e-05,,,112.6344707250658,,,,0.01532991486432218,0.025753322667097598,7076.44890953362,223.629728776574,1842.019494822576,8.85606899392914e-06,
,,,,,,684.403818050521,,,,,,,1919.33652885123,915.9999559998911,,,3223.0545781965902,,,,-2519.2765756659796,,,454.792352958192,,,,-1016.3408694615299,-1412.69781342839,4446.89294604313,1641.68009339901,2921.2820067464504,-554.3402090836111,,,,,,,,566.845552218728,,,,,,,1752.310998726142,0.695103987445292,,,1157.1297834962659,,,,-1.88680688817931e-05,,,8.19372596320974,,,,0.01167795923448592,0.0233740154465842,7177.23939863348,392.75401004051,2034.8573711064998,6.8565044550708e-06,
,,,,,,906.384132293605,,,,,,,1879.28738074964,2040.32670593414,,,3527.5725966188397,,,,-405.32730804628,,,1316.75101909601,,,,654.0017330790549,-935.962569549981,2839.99783405905,3040.59213874545,2251.46035874775,88.1616281731267,,,,,,,,909.999342432432,,,,,,,1780.928052120726,143.241135032128,,,1931.809560044524,,,,-8.99458231343178e-06,,,426.575211841154,,,,3.23564897575882,0.022509233498575597,7215.641665295139,2174.35854939756,1001.160218849912,3.3587752605349e-05,
,,,,,,220.631174721899,,,,,,,1379.5107143095,594.165244604591,,,2381.31213925249,,,,-3140.60203932176,,,-535.496704877312,,,,-1465.03423501468,-3098.7947381162,2519.4419413200403,785.916055726993,1753.9087512813,-1997.51330155699,,,,,,,,96.9636644166572,,,,,,,1000.266116171766,0.06454590172579881,,,705.150273919856,,,,-1.440386464374266e-05,,,-3.7064385215838404e-05,,,,0.0087250043634534,0.0311745335588664,3744.6575294908203,136.47212330651402,791.252460936388,8.230284663469441e-06,
,,,,,,926.4907586681541,,,,,,,1647.71541779502,1346.72988779167,,,2972.4362298062,,,,-645.827302337944,,,1282.9054007820798,,,,157.747207515887,-1396.6259565667401,4197.1463127608995,2780.45179671787,2780.45179757307,-302.06661470317096,,,,,,,,914.249225437004,,,,,,,1401.308358295702,15.32060168316754,,,1252.49699304982,,,,-1.083254376393122e-05,,,355.83900010115,,,,0.00850848022434924,0.02706941233744,6894.89857909898,1684.3660327027421,1684.36603250506,8.74274864221206e-06,
,,,,,,965.5002643143849,,,,,,,1773.97198349834,1604.78978643551,,,3236.75613869622,,,,-599.743258643514,,,1349.05888685798,,,,320.445300747293,-1202.3832223184102,4558.06435315709,2134.01289488634,2985.37937787617,-200.421981946196,,,,,,,,969.753301391778,,,,,,,1597.225500645654,39.057794367087,,,1521.709870201932,,,,-1.100846243791522e-05,,,391.39512730536,,,,0.0717734747764064,0.0250469710119146,7391.2190704327195,798.6196497013281,2089.13709630796,7.93172534082832e-06,
,,,,,,873.0737223217279,,,,,,,1582.9573718637798,894.289960888244,,,2733.68035808352,,,,-907.1812766437,,,1152.5758673305,,,,-221.15855684444898,-1834.47663464978,3354.06591642888,2587.58869994635,2587.58870081305,-657.420086396574,,,,,,,,844.0330320019381,,,,,,,1249.097616056706,0.930484939513086,,,909.765350023558,,,,-1.163781613019026e-05,,,267.88258079315403,,,,0.008516571368451421,0.0302990733026278,10379.38215979292,1320.281553219552,1320.2815527379198,8.30352809579732e-06,
,,,,,,794.45397810922,,,,,,,1760.74103039413,1932.10028610697,,,3311.2409804439903,,,,-587.0107412455809,,,1103.31114465357,,,,513.71174072679,-1331.18614568784,4197.45960000232,2814.5826132951697,2040.10738662482,-319.924524914388,,,,,,,,724.457750833672,,,,,,,1578.325750932138,124.3707713184838,,,1728.608579296246,,,,-8.75966031248524e-06,,,292.802572158864,,,,1.1442933732699758,0.024772530471214,6984.63967397008,1847.0470485601181,844.673094777056,8.13211088285294e-06,
,,,,,,775.471297301778,,,,,,,1553.52553547086,475.585795572765,,,2613.9629242328997,,,,-1877.05196078358,,,768.6736957504011,,,,-915.7852576100089,-1486.23407779486,2628.0822568381,1537.46646285672,2612.95202075105,-487.311717040967,,,,,,,,699.6012288486099,,,,,,,1273.414960271674,0.00910123588083976,,,795.62010897312,,,,-1.6620775816375298e-05,,,63.2652644505062,,,,0.01124663851441582,0.025238663402509402,5155.5268943807005,306.0196576052,1605.73639818113,9.040899494563001e-06,
,,,,,,813.5539526932009,,,,,,,1586.78886824458,1245.3651668536002,,,2860.54800615528,,,,-863.2201071904469,,,1078.7193382006399,,,,-3.6794069771433704,-1603.26987660356,3903.00339340551,2625.30660427846,1819.0144057970099,-469.935691774997,,,,,,,,765.8006714682119,,,,,,,1312.113514823358,10.094599468642459,,,1167.891961426968,,,,-1.090779235934004e-05,,,248.516987754442,,,,0.0071360660139573396,0.0269995958916618,6630.0777045667,1518.4716398390422,575.180786953988,9.004187605940039e-06,
,,,,,,557.612065400272,,,,,,,1704.4478902754602,1285.8525951639601,,,3018.7708810079703,,,,-2017.68208763976,,,382.07461290025503,,,,-554.5260257485301,-2157.9319995791398,4085.9320630670704,1514.3978969595698,2515.17248737437,-1257.53508841082,,,,,,,,395.59521255584,,,,,,,1408.831691276456,9.57741852461542,,,1182.084483836644,,,,-1.224834477251512e-05,,,6.26329997269728,,,,0.007774097114936941,0.0276442401595338,10999.012527229199,409.274951982394,1440.615873337852,7.76209153983446e-06,
,,,,,,846.959700789844,,,,,,,1125.70145411442,-1255.8471663595801,,,1531.44252131279,,,,-1814.72249995362,,,904.47544941413,,,,-1770.9438682687598,-2424.4819327856303,2568.69069264106,1068.7026462073602,2201.53582532746,-1361.72639490736,,,,,,,,814.8721585877399,,,,,,,653.077483765094,0.000373446888363256,,,111.41833000388621,,,,-1.7498440140614338e-05,,,101.77982088454519,,,,0.013034220299167279,0.0311975498551158,4748.26289636418,68.53645901846541,1106.1680100681199,7.605101876628701e-06,
,,,,,,552.0764709945371,,,,,,,1693.44991721864,1225.06231044427,,,2995.52428873987,,,,-1999.73810298152,,,398.259891997595,,,,-581.391424010132,-2110.5377253293,2689.6489066192603,1513.52514206836,2425.49359660261,-986.318287383629,,,,,,,,407.164912960042,,,,,,,1423.903877885298,7.20007378731924,,,1176.9000673723299,,,,-1.311365900427204e-05,,,8.21710050448068,,,,0.008185562261053759,0.027980415958937598,4974.42931130054,415.869606886368,1234.858141594676,8.56802922577718e-06,
,,,,,,1167.80204448884,,,,,,,1252.53890290899,-463.232285806216,,,1914.12731049914,,,,-277.539399559773,,,1741.67907477766,,,,-586.593990452533,-1495.4000786709,4169.99351003283,1679.43015539106,2712.2795153409397,-590.955650690309,,,,,,,,1367.1675398125699,,,,,,,780.668912331612,0.00032499510853487804,,,288.69978376266596,,,,-1.258908953658178e-05,,,682.800460193514,,,,0.00986513453370062,0.0268999755482884,7329.066897672021,379.976445408122,1930.459035283946,7.512243831834219e-06,
,,,,,,732.248955301291,,,,,,,1709.55518141234,1941.29588592199,,,3243.2636466427903,,,,-791.9895566335749,,,952.6431980119299,,,,435.712584177005,-1693.95767587692,4106.978699112909,2679.338423713,1933.91900439541,-632.311964091358,,,,,,,,615.759291304008,,,,,,,1520.441669762772,140.8942711000884,,,1730.55353933685,,,,-8.7927724562525e-06,,,194.61362083918,,,,0.5404799953660719,0.02691228025234,6897.106525152721,1647.9088921454238,781.7762658102359,8.879929848359759e-06,
,,,,,,990.116021715654,,,,,,,1321.97079039712,288.52126034750603,,,2212.13497688852,,,,-398.757729862725,,,1449.68942216685,,,,-272.61906998813004,-1761.7380060560902,3811.0961637690802,1690.23237742831,2531.80099964711,-692.016847470363,,,,,,,,1056.962906231888,,,,,,,896.787687928026,0.00044688791171781803,,,540.96919231562,,,,-1.03650684098053e-05,,,498.868881136316,,,,0.00824648272281176,0.0288583774011448,6603.40728371286,422.955200860788,1449.258436465248,8.745505584716481e-06,
,,,,,,679.0229618364671,,,,,,,1522.64036348281,321.71722644114,,,2500.67953127015,,,,-1942.1890800838498,,,613.23452486451,,,,-1035.18020186687,-2059.2241894057997,2680.66515159445,1393.8376969820602,2392.0818052505897,-957.1595926599709,,,,,,,,574.920914103496,,,,,,,1152.901932579426,0.000639558764884946,,,653.360040105076,,,,-1.568782393352962e-05,,,33.7995323118904,,,,0.010550653897013339,0.0281679247964884,4822.53088700236,240.233731269844,1167.489688813544,8.5831519085709e-06,
,,,,,,791.493547871935,,,,,,,1619.8590514411699,540.400287468796,,,2705.3834840399504,,,,-1719.83021600363,,,835.8690825836001,,,,-811.797240739464,-1542.22262816141,4020.51274903151,1609.33936103321,2689.45070960352,-577.746054210123,,,,,,,,722.976612814462,,,,,,,1308.7345257557902,0.020841023703817203,,,813.046204798168,,,,-1.558180141160814e-05,,,86.9564927646046,,,,0.01054458817935874,0.0253360090617546,6782.21144176106,337.087856229616,1635.958280045326,8.03663143187576e-06,
,,,,,,843.4616661461661,,,,,,,1548.9769968977,1240.6792325963002,,,2787.67057776755,,,,-599.877438698332,,,1165.3237494011698,,,,120.16747689002901,-1809.6167246908901,4076.56462956355,2655.99391905707,1826.1079569349802,-857.2576496771111,,,,,,,,781.925233314802,,,,,,,1184.770131965602,9.8351862860714,,,1067.86353650302,,,,-9.421138273397721e-06,,,308.91996039203,,,,0.006211577096941,0.0270721030424242,6790.72000897646,1563.7978400166742,562.924355069886,7.97849204855988e-06,
,,,,,,983.6624813014,,,,,,,1966.43318378479,1573.5323177488601,,,3526.8477093282,,,,-1369.2544066861901,,,1185.83494784405,,,,-69.62275182262489,-774.949264354602,4786.20920090744,2182.3374532087996,3185.76047029279,233.014581045943,,,,,,,,989.354623463268,,,,,,,2000.6423414834603,27.3199090774546,,,1734.34911123372,,,,-1.572713453738474e-05,,,212.146516682718,,,,0.010025065559654479,0.022652531009403398,11051.618962099219,771.93814948075,2508.3071910191998,0.008231049157621021,
,,,,,,721.701045493792,,,,,,,1178.78663998833,-515.0371733539,,,1807.44030291547,,,,-1915.3210779890799,,,665.6940567465371,,,,-1445.121406567,-2393.72142238995,2775.15222075135,1090.49426764487,2173.76040359432,-1442.50214600354,,,,,,,,608.458325542848,,,,,,,727.820261058592,0.000345008064636638,,,262.05856749752,,,,-1.518205238098776e-05,,,40.0306069667578,,,,0.0109021238129126,0.0300037662849864,7672.11625081234,92.978020572037,1075.7191930108102,7.9752554985214e-06,
,,,,,,1162.788972558,,,,,,,1689.4899897206801,992.236561293363,,,2956.85553654643,,,,-776.883761797127,,,1587.0894187026602,,,,-90.1400135727142,-1044.1165222305199,4558.57995856536,2125.60638774061,2977.24561396898,186.74368784581898,,,,,,,,1293.2555198470038,,,,,,,1564.599300929838,1.8955553367446139,,,1167.130729192932,,,,-1.4663043525425641e-05,,,460.24443015308196,,,,0.01093422157480448,0.0282199622854582,11099.21076224792,674.341407064858,1903.5457929697238,0.0021957119164812203,
